qtype,question,qcode,group,familiar,ID,Correct,E1,Diff,C1,Cb1,Cx1,GC1,GCb1,Relative,E2,C2,Cb2,Cx2,GC2,GCb2,Rely,AEE1i,AEE2i,Ii
Populations,Germany,17,101,1,27235,83,2,4,4,4,4,2,2,6,60,2,2,2,1,1,7,81,23,1
Populations,Germany,17,101,1,50613,83,90,4,5,5,3,4,4,4,80,5,5,3,5,3,3,7,3,1
Populations,Germany,17,101,1,45247,83,40,6,1,5,7,6,5,3,60,5,5,5,5,5,4,43,23,1
Populations,Germany,17,101,1,47363,83,40,5,3,3,6,5,5,3,40,4,4,6,4,1,3,43,43,0
Populations,Germany,17,101,1,50601,83,5,5,6,6,6,6,6,5,5,2,2,7,1,1,1,78,78,0
Populations,Germany,17,102,1,45784,83,50,4,4,4,7,5,5,3,50,5,5,6,2,1,2,33,33,0
Populations,Germany,17,102,1,37544,83,99,3,6,6,6,6,6,4,3.5,7,6,5,3,5,1,16,79.5,0
Populations,Germany,17,102,1,50312,83,23,4,1,1,7,5,5,4,30,1,1,5,5,5,4,60,53,1
Populations,Germany,17,102,1,50755,83,8,5,2,3,6,7,5,3,55,5,5,4,6,6,6,75,28,1
Populations,Germany,17,102,1,31277,83,88,4,5,5,6,5,5,5,45,7,7,1,7,7,4,5,38,0
Populations,Germany,17,103,1,45295,83,80,4,4,3,4,4,3,5,35,5,4,7,6,6,7,3,48,0
Populations,Germany,17,103,1,10208,83,40,5,3,4,2,5,2,4,40,4,3,4,2,2,2,43,43,0
Populations,Germany,17,103,1,27005,83,30,6,2,2,7,6,6,2,35,3,3,5,5,5,5,53,48,1
Populations,Germany,17,103,1,37396,83,60,5,3,3,7,5,5,5,45,5,5,7,6,6,4,23,38,0
Populations,Germany,17,103,1,47513,83,40,5,2,2,7,5,5,3,40,4,4,6,4,1,4,43,43,0
Populations,Germany,17,104,1,50577,83,46,3,5,5,2,5,5,6,24,6,6,2,6,6,5,37,59,0
Populations,Germany,17,104,1,39412,83,20,4,4,4,5,5,6,3,24,5,5,5,5,5,4,63,59,1
Populations,Germany,17,104,1,49646,83,20,5,6,6,2,3,2,6,24,7,7,1,5,5,2,63,59,1
Populations,Germany,17,104,1,45196,83,25,5,5,5,5,5,4,4,24,6,6,1,6,2,4,58,59,0
Populations,Germany,17,104,1,47392,83,32,7,1,1,7,7,7,3,24,6,6,6,6,6,6,51,59,0
Populations,Germany,17,105,0,45584,83,65,5,3,3,7,5,4,3,60,5,3,7,5,4,4,18,23,0
Populations,Germany,17,105,0,48232,83,60,7,7,7,7,1,1,5,60,6,6,7,1,1,1,23,23,0
Populations,Germany,17,105,0,50496,83,68,7,1,2,6,5,5,3,65,4,4,5,3,3,4,15,18,0
Populations,Germany,17,105,0,50674,83,40,5,5,4,6,5,6,4,50,5,4,3,6,5,4,43,33,1
Populations,Germany,17,105,0,50678,83,50,6,5,4,6,6,5,2,50,5,4,6,3,2,4,33,33,0
Populations,Germany,17,106,0,28908,83,80,4,5,4,5,5,5,3,80,5,4,5,3,3,2,3,3,0
Populations,Germany,17,106,0,42427,83,80,5,2,4,5,5,4,5,65,4,4,5,5,4,5,3,18,0
Populations,Germany,17,106,0,46018,83,62,7,2,4,7,1,5,4,75,2,4,6,5,5,4,21,8,1
Populations,Germany,17,106,0,46630,83,35,6,1,2,6,5,3,4,50,3,3,6,4,5,4,48,33,1
Populations,Germany,17,106,0,50655,83,36,3,5,5,7,3,5,5,60,3,4,7,3,6,6,47,23,1
Populations,Germany,17,107,0,741,83,25,3,5,5,2,5,5,4,30,6,6,2,6,6,6,58,53,1
Populations,Germany,17,107,0,46587,83,35,5,4,5,3,5,3,5,35,6,6,3,4,3,3,48,48,0
Populations,Germany,17,107,0,48047,83,15,4,4,4,4,5,6,3,30,5,5,5,5,6,6,68,53,1
Populations,Germany,17,107,0,49191,83,20,6,2,2,6,6,6,2,30,4,4,6,5,4,4,63,53,1
Populations,Germany,17,108,0,45818,83,76,5,4,4,5,5,5,4,50,4,4,5,4,4,3,7,33,0
Populations,Germany,17,108,0,46026,83,30,6,2,2,7,6,6,2,50,3,2,6,5,5,5,53,33,1
Populations,Germany,17,108,0,46352,83,36,5,3,5,6,5,6,3,50,4,5,6,5,5,5,47,33,1
Populations,Germany,17,108,0,50806,83,30,7,1,1,7,5,7,2,20,1,1,7,2,2,3,53,63,0
Populations,Germany,17,109,1,47678,83,75,6,2,3,6,5,5,4,75,5,5,4,4,2,3,8,8,0
Populations,Germany,17,109,1,50584,83,87,3,6,6,2,5,3,4,87,6,6,2,1,1,1,4,4,0
Populations,Germany,17,109,1,41439,83,30,6,1,1,7,5,5,3,50,1,1,1,5,5,6,53,33,1
Populations,Germany,17,109,1,41405,83,80,3,6,5,2,5,5,3,80,5,5,3,3,1,2,3,3,0
Populations,Germany,17,109,1,50499,83,10,4,4,4,7,4,4,4,70,4,4,7,6,6,6,73,13,1
Populations,Germany,17,110,1,41302,83,50,5,2,2,5,4,4,4,50,2,2,6,2,2,1,33,33,0
Populations,Germany,17,110,1,50521,83,20,6,2,3,6,6,6,4,20,2,2,6,2,2,2,63,63,0
Populations,Germany,17,110,1,44868,83,20,6,2,3,6,4,5,3,20,2,3,7,1,1,1,63,63,0
Populations,Germany,17,110,1,48375,83,15,4,2,2,7,3,4,4,15,2,2,7,2,2,1,68,68,0
Populations,Germany,17,111,1,50401,83,5,6,3,3,3,3,3,7,50,6,6,6,6,6,7,78,33,1
Populations,Germany,17,111,1,41299,83,25,7,1,1,7,3,4,4,50,1,1,7,4,5,3,58,33,1
Populations,Germany,17,111,1,29534,83,60,3,5,5,1,6,6,6,50,6,6,6,6,2,5,23,33,0
Populations,Germany,17,111,1,38062,83,25,6,3,3,7,6,4,3,35,3,3,7,3,5,4,58,48,1
Populations,Germany,17,112,1,46533,83,80,6,2,2,6,5,5,3,60,2,3,6,4,6,5,3,23,0
Populations,Germany,17,112,1,50675,83,29,5,5,5,5,6,5,5,60,5,5,6,7,6,5,54,23,1
Populations,Germany,17,112,1,40318,83,90,5,2,2,6,5,5,3,60,5,5,5,5,5,4,7,23,0
Populations,Germany,17,113,0,42843,83,40,5,4,4,4,6,4,3,45,4,4,4,5,4,7,43,38,1
Populations,Germany,17,113,0,45673,83,50,5,6,6,6,5,5,4,50,6,6,6,6,6,4,33,33,0
Populations,Germany,17,113,0,47725,83,60,6,1,2,7,7,7,1,45,2,5,7,4,6,4,23,38,0
Populations,Germany,17,113,0,50454,83,35,3,6,6,5,6,5,4,45,6,6,5,6,5,6,48,38,1
Populations,Germany,17,113,0,50625,83,70,5,3,3,5,5,5,4,45,4,4,4,4,4,4,13,38,0
Populations,Germany,17,114,0,1164,83,75,3,3,3,5,5,5,4,60,5,5,4,5,5,4,8,23,0
Populations,Germany,17,114,0,47575,83,50,6,2,2,6,6,6,4,50,2,2,6,2,2,2,33,33,0
Populations,Germany,17,114,0,49860,83,26,7,1,1,1,4,4,5,52,3,3,3,5,5,6,57,31,1
Populations,Germany,17,114,0,50558,83,78,5,2,2,6,5,6,2,59,4,5,6,6,6,6,5,24,0
Populations,Germany,17,114,0,50586,83,52,5,4,4,7,6,6,5,52,5,5,1,5,2,4,31,31,0
Populations,Germany,17,115,0,42447,83,45,6,2,3,4,5,4,3,70,4,5,4,5,5,5,38,13,1
Populations,Germany,17,115,0,43130,83,90,5,4,5,3,5,3,4,80,5,5,3,5,2,2,7,3,1
Populations,Germany,17,115,0,45181,83,20,6,2,2,2,6,6,1,80,5,5,4,7,7,7,63,3,1
Populations,Germany,17,115,0,46473,83,75,7,1,2,7,6,6,2,71,1,1,7,3,2,2,8,12,0
Populations,Germany,17,115,0,49131,83,40,6,2,2,6,5,5,4,65,3,3,6,6,6,4,43,18,1
Populations,Germany,17,116,0,45177,83,56,4,3,3,5,7,7,6,65,6,6,2,6,4,4,27,18,1
Populations,Germany,17,116,0,47540,83,70,3,5,4,2,5,3,5,70,5,5,2,4,4,4,13,13,0
Populations,Germany,17,116,0,49817,83,86,5,5,5,6,5,5,2,75,5,4,6,3,3,3,3,8,0
Populations,Germany,17,116,0,49911,83,35,4,4,4,7,6,5,4,55,2,3,7,4,6,5,48,28,1
Populations,Germany,17,117,1,50797,83,40,6,2,2,6,5,5,4,30,2,2,6,6,6,4,43,53,0
Populations,Germany,17,117,1,29570,83,48,6,2,2,2,6,6,3,68,4,5,6,3,5,4,35,15,1
Populations,Germany,17,117,1,43535,83,16,6,3,3,7,5,5,4,35,3,3,6,4,4,7,67,48,1
Populations,Germany,17,117,1,50644,83,15,5,4,4,5,5,5,4,30,4,5,4,5,5,5,68,53,1
Populations,Germany,17,118,1,20036,83,37,3,6,4,4,5,5,4,37,5,5,6,6,5,5,46,46,0
Populations,Germany,17,118,1,50474,83,45,5,3,3,6,3,3,3,37,3,3,5,4,4,4,38,46,0
Populations,Germany,17,118,1,43591,83,40,7,2,4,7,6,5,3,37,4,5,6,4,2,4,43,46,0
Populations,Germany,17,118,1,49683,83,5,6,3,3,6,6,6,3,37,6,6,2,6,6,7,78,46,1
Populations,Germany,17,119,1,593,83,88,3,6,6,2,4,2,5,88,6,6,1,4,2,2,5,5,0
Populations,Germany,17,119,1,39333,83,80,3,5,5,5,5,5,5,88,6,6,2,6,6,6,3,5,0
Populations,Germany,17,119,1,46496,83,37,6,3,3,7,5,5,4,88,7,7,1,7,7,7,46,5,1
Populations,Germany,17,119,1,50149,83,70,5,3,5,2,5,3,4,88,7,7,1,7,3,7,13,5,1
Populations,Germany,17,120,1,32122,83,60,6,4,4,4,5,5,4,40,4,4,4,4,4,2,23,43,0
Populations,Germany,17,120,1,43341,83,35,7,2,2,6,5,5,2,30,4,3,5,5,4,4,48,53,0
Populations,Germany,17,120,1,30033,83,50,6,1,1,7,3,3,6,20,6,6,2,1,1,1,33,63,0
Populations,Germany,17,120,1,47037,83,25,5,1,1,7,6,6,3,25,4,4,6,2,2,1,58,58,0
Populations,Germany,17,121,0,31980,83,50,4,4,4,6,4,4,4,50,4,4,5,4,4,2,33,33,0
Populations,Germany,17,121,0,40256,83,60,5,5,5,5,5,5,5,20,6,6,6,5,5,5,23,63,0
Populations,Germany,17,121,0,43817,83,50,6,2,2,7,6,6,6,50,5,5,5,4,4,3,33,33,0
Populations,Germany,17,121,0,44280,83,55,5,3,3,4,5,5,3,55,6,6,5,2,2,1,28,28,0
Populations,Germany,17,121,0,50736,83,10,4,5,5,5,5,5,5,16,6,6,6,5,4,3,73,67,1
Populations,Germany,17,122,0,30407,83,99,3,6,6,6,5,5,3,60,6,6,7,6,6,5,16,23,0
Populations,Germany,17,122,0,36229,83,62,5,4,4,6,4,5,3,62,5,4,5,3,3,1,21,21,0
Populations,Germany,17,122,0,42562,83,50,4,4,4,4,4,4,4,50,4,4,7,4,4,4,33,33,0
Populations,Germany,17,122,0,47749,83,56,4,3,3,6,5,4,5,50,4,4,5,5,5,3,27,33,0
Populations,Germany,17,122,0,50804,83,9,7,1,1,7,6,7,3,50,3,3,6,7,7,7,74,33,1
Populations,Germany,17,123,1,45439,83,80,5,2,3,6,5,6,3,60,2,2,6,5,5,4,3,23,0
Populations,Germany,17,123,0,39718,83,37,6,6,6,6,4,4,3,37,5,6,6,4,4,2,46,46,0
Populations,Germany,17,123,0,47854,83,17,6,1,1,7,5,6,2,25,2,2,7,4,4,2,66,58,1
Populations,Germany,17,123,0,49207,83,40,5,3,2,5,6,5,5,33,4,3,6,5,6,5,43,50,0
Populations,Germany,17,123,0,50508,83,10,6,2,1,7,5,5,1,25,2,2,7,5,5,4,73,58,1
Populations,Germany,17,124,0,38616,83,21,4,4,4,2,4,5,4,21,5,5,1,3,3,1,62,62,0
Populations,Germany,17,124,0,45953,83,45,7,2,1,7,5,5,5,29,4,4,7,5,6,6,38,54,0
Populations,Germany,17,124,0,48694,83,87,5,3,4,6,3,6,4,20,4,7,6,7,7,7,4,63,0
Populations,Germany,17,124,0,50764,83,26,5,3,5,6,5,3,4,30,5,5,5,3,2,2,57,53,1
Populations,Germany,17,125,0,27184,83,20,7,1,1,7,7,7,1,50,5,5,5,7,7,7,63,33,1
Populations,Germany,17,125,0,43166,83,50,5,3,4,3,6,5,4,52,5,5,4,4,4,2,33,31,1
Populations,Germany,17,125,0,43244,83,68,6,1,1,5,1,5,4,68,1,1,6,1,1,1,15,15,0
Populations,Germany,17,125,0,50167,83,56,7,2,2,7,6,6,3,56,2,2,7,3,4,4,27,27,0
Populations,Germany,17,126,0,15312,83,90,4,5,4,3,5,5,4,85,5,4,4,5,5,4,7,2,1
Populations,Germany,17,126,0,33891,83,4,6,4,4,7,3,3,5,8,5,4,7,5,5,3,79,75,1
Populations,Germany,17,126,0,44507,83,10,4,4,4,4,4,4,4,50,5,5,5,5,5,6,73,33,1
Populations,Germany,17,126,0,50807,83,8,5,2,2,6,5,5,5,30,3,4,4,5,5,5,75,53,1
Populations,Germany,17,127,0,46074,83,80,3,5,5,3,4,4,6,83,5,5,3,3,3,2,3,0,1
Populations,Germany,17,127,0,47194,83,30,5,2,1,7,5,6,3,50,3,2,6,5,5,5,53,33,1
Populations,Germany,17,127,0,49211,83,70,6,2,2,6,5,4,4,85,4,4,6,5,5,7,13,2,1
Populations,Germany,17,128,0,36251,83,48,5,3,3,6,4,4,4,56,4,4,5,2,2,2,35,27,1
Populations,Germany,17,128,0,50030,83,15,6,1,1,7,5,6,3,60,5,4,4,7,7,7,68,23,1
Populations,Germany,17,128,0,50715,83,65,5,3,3,7,5,5,3,67,6,6,5,6,2,4,18,16,1
Populations,Germany,17,129,1,43436,83,36,6,2,2,6,6,6,2,80,4,4,6,5,6,6,47,3,1
Populations,Germany,17,129,1,49130,83,78,6,6,3,7,6,7,6,80,6,5,7,6,7,2,5,3,1
Populations,Germany,17,129,1,50023,83,10,5,4,3,5,6,6,5,80,5,5,3,6,6,7,73,3,1
Populations,Germany,17,129,1,50402,83,50,7,1,1,7,4,4,3,78,5,5,6,7,7,7,33,5,1
Populations,Germany,17,129,1,50710,83,28,4,4,4,4,5,4,5,72,5,5,6,7,7,5,55,11,1
Populations,Germany,17,130,1,50182,83,80,2,6,7,1,2,2,6,80,6,6,1,2,1,1,3,3,0
Populations,Germany,17,130,1,50579,83,80,3,5,5,5,5,5,3,80,7,6,2,6,1,5,3,3,0
Populations,Germany,17,130,1,50786,83,50,6,3,2,6,6,6,4,80,6,6,5,7,7,7,33,3,1
Populations,Germany,17,130,1,50659,83,60,6,1,1,7,7,7,1,80,6,6,2,1,7,7,23,3,1
Populations,Germany,17,130,1,46863,83,40,5,3,2,5,6,6,3,80,6,6,3,7,7,6,43,3,1
Populations,Germany,17,131,1,49568,83,83,3,7,7,2,3,2,7,83,7,7,2,3,1,2,0,0,0
Populations,Germany,17,131,1,34605,83,60,6,4,4,6,4,4,6,83,6,6,4,5,3,4,23,0,1
Populations,Germany,17,131,1,48841,83,56,5,3,3,6,5,5,5,83,6,7,2,7,7,6,27,0,1
Populations,Germany,17,131,1,50530,83,43,3,6,6,4,6,6,5,83,7,7,3,6,6,6,40,0,1
Populations,Germany,17,131,1,50528,83,85,3,6,6,1,2,1,6,83,7,7,1,4,4,2,2,0,1
Populations,Germany,17,132,1,48061,83,40,4,3,3,5,6,6,2,55,5,5,4,5,5,5,43,28,1
Populations,Germany,17,132,1,49521,83,80,1,6,6,6,4,2,7,60,5,5,5,5,5,4,3,23,0
Populations,Germany,17,132,1,20330,83,99,3,4,4,7,4,5,3,70,5,5,6,4,6,6,16,13,1
Populations,Germany,17,132,1,50623,83,50,6,2,2,2,5,5,5,77,4,4,4,5,5,3,33,6,1
Populations,Germany,17,132,1,50683,83,30,5,3,3,6,4,4,5,36,2,2,6,1,1,5,53,47,1
Populations,Germany,17,133,0,44320,83,80,6,2,2,7,5,4,2,60,5,4,3,6,5,7,3,23,0
Populations,Germany,17,133,0,48290,83,4,4,1,1,7,4,7,3,62,4,4,7,7,7,7,79,21,1
Populations,Germany,17,133,0,48346,83,35,7,2,2,6,5,5,5,60,5,5,3,6,6,7,48,23,1
Populations,Germany,17,133,0,50460,83,60,3,5,5,2,3,2,6,60,5,4,2,2,1,2,23,23,0
Populations,Germany,17,133,0,50663,83,60,6,1,1,7,6,6,3,60,5,5,3,5,5,4,23,23,0
Populations,Germany,17,134,0,43978,83,72,4,4,4,7,4,4,4,30,4,4,7,4,5,4,11,53,0
Populations,Germany,17,134,0,48240,83,20,4,4,4,4,4,6,4,50,2,2,7,2,5,4,63,33,1
Populations,Germany,17,134,0,48904,83,15,7,1,1,6,6,6,4,20,2,3,6,3,3,2,68,63,1
Populations,Germany,17,134,0,49347,83,2,7,1,1,7,6,6,5,10,2,1,7,5,4,4,81,73,1
Populations,Germany,17,134,0,49548,83,40,6,3,3,6,6,6,2,50,3,3,6,4,5,3,43,33,1
Populations,Germany,17,135,0,31758,83,20,6,2,2,6,1,1,6,20,5,5,5,1,2,1,63,63,0
Populations,Germany,17,135,0,40551,83,12,1,4,6,4,5,6,1,12,5,4,6,4,4,2,71,71,0
Populations,Germany,17,135,0,44508,83,60,4,4,4,5,5,5,4,35,5,5,5,4,5,4,23,48,0
Populations,Germany,17,135,0,45223,83,80,5,2,2,6,2,2,4,70,2,2,5,1,1,1,3,13,0
Populations,Germany,17,135,0,48388,83,27,4,6,6,7,5,5,4,27,6,6,7,6,6,2,56,56,0
Populations,Germany,17,136,0,44376,83,30,7,1,1,7,5,5,1,40,4,4,5,4,4,6,53,43,1
Populations,Germany,17,136,0,45143,83,50,5,3,3,2,6,6,3,40,6,6,2,6,3,4,33,43,0
Populations,Germany,17,136,0,45343,83,20,5,2,2,6,5,6,2,40,5,5,6,6,3,4,63,43,1
Populations,Germany,17,136,0,47955,83,6,6,3,3,7,6,5,3,35,4,4,5,6,6,6,77,48,1
Populations,Germany,17,137,1,40355,83,50,5,5,5,5,5,5,4,50,5,5,5,2,2,3,33,33,0
Populations,Germany,17,137,1,50696,83,10,7,2,1,7,7,6,3,20,2,2,7,4,4,4,73,63,1
Populations,Germany,17,137,1,44302,83,60,6,2,2,6,4,4,4,50,2,2,6,4,4,2,23,33,0
Populations,Germany,17,137,1,44314,83,30,7,1,1,7,6,6,2,25,2,2,6,2,2,2,53,58,0
Populations,Germany,17,137,1,44725,83,35,6,3,3,7,5,6,3,48,2,2,7,2,2,4,48,35,1
Populations,Germany,17,138,1,46295,83,80,5,2,3,3,5,5,4,80,5,5,2,6,1,1,3,3,0
Populations,Germany,17,138,1,45293,83,36,6,3,4,6,5,6,4,48,5,4,6,6,6,6,47,35,1
Populations,Germany,17,138,1,48907,83,15,3,6,5,4,7,7,3,60,5,4,7,6,7,6,68,23,1
Populations,Germany,17,138,1,50503,83,20,5,5,3,7,7,7,3,60,6,6,3,7,7,6,63,23,1
Populations,Germany,17,138,1,50749,83,55,7,1,4,1,7,7,2,63,5,4,5,5,5,2,28,20,1
Populations,Germany,17,139,1,49595,83,18,6,5,3,6,6,6,4,26,5,5,6,5,5,4,65,57,1
Populations,Germany,17,139,1,37509,83,35,4,6,4,5,5,4,4,30,4,5,5,5,5,4,48,53,0
Populations,Germany,17,139,1,16387,83,25,4,3,4,6,5,4,3,25,6,6,5,4,2,1,58,58,0
Populations,Germany,17,139,1,45580,83,26,6,2,2,6,4,5,4,26,5,4,5,5,4,4,57,57,0
Populations,Germany,17,139,1,50612,83,5,6,2,2,6,6,6,2,30,5,4,6,6,6,6,78,53,1
Populations,Germany,17,140,1,47344,83,14,5,1,1,7,7,7,4,80,7,7,2,7,7,7,69,3,1
Populations,Germany,17,140,1,50668,83,80,6,4,5,7,7,7,4,82,6,6,5,6,3,4,3,1,1
Populations,Germany,17,140,1,43450,83,53,6,2,2,7,6,6,1,83,6,6,6,7,7,7,30,0,1
Populations,Germany,17,140,1,47998,83,80,5,5,5,5,3,3,4,80,5,5,5,2,2,1,3,3,0
Populations,Germany,17,141,0,26383,83,23,5,5,5,6,5,5,4,58,6,6,6,6,6,5,60,25,1
Populations,Germany,17,141,0,42806,83,75,6,2,2,7,7,7,2,60,4,4,6,4,5,6,8,23,0
Populations,Germany,17,141,0,48509,83,6,6,2,2,6,4,6,3,60,6,6,5,7,2,2,77,23,1
Populations,Germany,17,141,0,49843,83,30,4,5,5,4,5,5,3,60,6,5,5,6,6,6,53,23,1
Populations,Germany,17,141,0,50600,83,85,6,5,5,5,6,6,5,75,5,5,5,5,6,4,2,8,0
Populations,Germany,17,142,0,40748,83,80,1,7,7,1,1,1,7,80,7,7,1,2,2,1,3,3,0
Populations,Germany,17,142,0,45041,83,32,5,5,3,5,5,2,4,80,7,7,2,7,7,7,51,3,1
Populations,Germany,17,142,0,47494,83,10,3,5,5,5,7,6,4,80,7,7,1,7,7,7,73,3,1
Populations,Germany,17,142,0,48756,83,24,6,1,1,7,7,7,3,80,7,7,1,7,7,7,59,3,1
Populations,Germany,17,142,0,49976,83,80,6,1,1,7,1,4,4,80,6,6,2,6,1,6,3,3,0
Populations,Germany,17,143,0,43292,83,60,6,2,2,7,7,7,2,50,3,5,7,5,5,4,23,33,0
Populations,Germany,17,143,0,43650,83,80,5,2,5,5,6,5,3,30,2,3,5,5,5,5,3,53,0
Populations,Germany,17,143,0,44938,83,14,6,2,2,6,5,5,3,18,4,4,5,3,3,3,69,65,1
Populations,Germany,17,143,0,48295,83,20,5,2,2,7,4,5,4,20,5,4,7,2,1,1,63,63,0
Populations,Germany,17,144,0,37448,83,12,6,2,4,7,4,4,4,36,4,4,7,6,5,4,71,47,1
Populations,Germany,17,144,0,42930,83,24,6,1,1,7,6,6,2,60,2,6,6,6,6,79,59,23,1
Populations,Germany,17,144,0,45950,83,80,3,5,4,3,4,2,5,60,6,3,5,2,2,79,3,23,0
Populations,Germany,17,144,0,49594,83,20,4,4,4,4,4,4,4,60,4,4,4,4,4,79,63,23,1
Populations,Germany,17,145,1,50609,83,60,6,4,4,6,5,5,3,55,4,4,6,5,5,4,23,28,0
Populations,Germany,17,145,1,45087,83,54,6,2,2,6,6,6,3,54,5,5,3,2,2,2,29,29,0
Populations,Germany,17,145,1,50778,83,40,5,3,4,6,5,5,2,50,5,6,4,5,5,5,43,33,1
Populations,Germany,17,145,1,47512,83,45,7,2,2,6,4,4,4,45,2,2,6,4,3,2,38,38,0
Populations,Germany,17,145,1,46921,83,50,7,5,5,7,7,6,2,50,7,7,6,5,1,6,33,33,0
Populations,Germany,17,146,1,45436,83,45,6,1,1,7,2,1,1,35,1,2,7,3,3,2,38,48,0
Populations,Germany,17,146,1,50597,83,57,5,3,3,5,5,5,4,50,5,5,3,3,3,3,26,33,0
Populations,Germany,17,146,1,50685,83,30,6,3,3,5,3,3,4,25,2,2,6,3,5,3,53,58,0
Populations,Germany,17,146,1,48519,83,5,5,2,2,6,6,6,4,25,3,3,5,5,5,5,78,58,1
Populations,Germany,17,146,1,50661,83,87,5,3,3,5,7,6,5,25,5,4,4,5,6,6,4,58,0
Populations,Germany,17,147,1,44787,83,26,5,5,6,3,5,5,5,23,7,7,2,6,2,3,57,60,0
Populations,Germany,17,147,1,45915,83,40,5,5,6,6,6,3,4,25,5,5,6,6,5,4,43,58,0
Populations,Germany,17,147,1,50580,83,42,4,2,5,6,4,5,4,28,4,4,6,5,7,5,41,55,0
Populations,Germany,17,147,1,45394,83,25,7,1,1,7,5,7,1,35,1,1,7,5,7,7,58,48,1
Populations,Germany,17,148,1,29827,83,82,3,6,6,2,4,2,6,82,6,6,2,2,2,1,1,1,0
Populations,Germany,17,148,1,37552,83,3,5,2,2,7,5,7,3,80,6,6,7,7,7,7,80,3,1
Populations,Germany,17,148,1,50570,83,50,5,5,5,6,6,5,4,80,6,6,4,6,6,6,33,3,1
Populations,DRC,18,101,1,27235,79,20,7,1,1,7,6,7,1,20,4,4,4,5,5,7,59,59,0
Populations,DRC,18,101,1,50613,79,5,5,5,5,3,5,4,4,20,5,5,3,5,4,4,74,59,1
Populations,DRC,18,101,1,45247,79,20,7,1,1,7,1,1,4,18,5,4,7,3,3,1,59,61,0
Populations,DRC,18,101,1,47363,79,8,6,2,2,6,4,4,4,20,5,4,6,6,6,6,71,59,1
Populations,DRC,18,101,1,50601,79,10,4,5,5,5,5,5,1,10,5,5,5,5,5,1,69,69,0
Populations,DRC,18,102,1,45784,79,15,4,4,4,7,4,4,4,15,4,4,7,1,1,1,64,64,0
Populations,DRC,18,102,1,37544,79,50,2,6,6,6,6,6,4,50,6,6,6,6,6,1,29,29,0
Populations,DRC,18,102,1,50312,79,30,4,1,1,7,2,5,5,30,1,1,7,2,2,1,49,49,0
Populations,DRC,18,102,1,50755,79,30,5,4,3,6,5,5,3,25,4,5,5,5,3,3,49,54,0
Populations,DRC,18,102,1,31277,79,2,1,7,7,2,4,5,5,10,7,7,2,7,7,5,77,69,1
Populations,DRC,18,103,1,45295,79,50,7,2,2,7,4,6,4,35,3,4,7,4,4,5,29,44,0
Populations,DRC,18,103,1,10208,79,80,6,2,3,5,2,2,4,30,4,3,5,5,6,6,1,49,0
Populations,DRC,18,103,1,27005,79,18,7,1,1,7,5,5,4,25,2,2,7,5,5,5,61,54,1
Populations,DRC,18,103,1,37396,79,20,6,2,2,7,5,5,5,25,4,4,7,5,5,3,59,54,1
Populations,DRC,18,103,1,47513,79,15,5,4,4,7,5,4,4,25,4,4,5,6,5,5,64,54,1
Populations,DRC,18,104,1,50577,79,5,6,2,2,5,6,5,5,5,6,6,2,6,6,1,74,74,0
Populations,DRC,18,104,1,39412,79,4,5,4,4,5,5,5,3,5,4,4,5,3,3,4,75,74,1
Populations,DRC,18,104,1,49646,79,30,6,2,3,5,5,5,4,5,6,6,2,7,7,6,49,74,0
Populations,DRC,18,104,1,45196,79,2,3,6,6,3,5,4,4,5,6,6,3,5,4,4,77,74,1
Populations,DRC,18,104,1,47392,79,17,7,1,1,7,7,7,2,5,7,7,5,7,7,7,62,74,0
Populations,DRC,18,105,0,45584,79,17,5,3,3,7,5,4,3,14,3,3,7,5,4,3,62,65,0
Populations,DRC,18,105,0,48232,79,2,7,4,4,7,1,1,5,4,6,6,7,1,1,1,77,75,1
Populations,DRC,18,105,0,50496,79,12,7,2,2,6,5,4,4,12,3,3,5,2,1,2,67,67,0
Populations,DRC,18,105,0,50674,79,30,5,5,4,5,5,4,4,30,5,5,4,5,4,4,49,49,0
Populations,DRC,18,105,0,50678,79,15,6,2,2,6,6,5,2,15,5,4,6,3,2,4,64,64,0
Populations,DRC,18,106,0,28908,79,90,4,5,4,5,5,3,4,40,4,4,5,4,3,5,11,39,0
Populations,DRC,18,106,0,42427,79,25,5,2,2,5,5,5,5,20,5,5,4,5,2,4,54,59,0
Populations,DRC,18,106,0,46018,79,17,7,3,4,7,5,5,3,18,4,4,6,5,4,4,62,61,1
Populations,DRC,18,106,0,46630,79,20,5,2,3,6,3,2,4,20,3,3,6,2,2,4,59,59,0
Populations,DRC,18,106,0,50655,79,19,6,5,3,7,5,7,4,20,5,3,7,5,6,4,60,59,1
Populations,DRC,18,107,0,741,79,2,2,6,6,2,6,6,5,40,6,6,2,6,6,7,77,39,1
Populations,DRC,18,107,0,46587,79,15,6,2,2,7,6,6,3,40,5,5,5,7,7,7,64,39,1
Populations,DRC,18,107,0,48047,79,45,5,3,3,5,5,5,5,40,6,6,3,5,4,2,34,39,0
Populations,DRC,18,107,0,49191,79,10,6,2,2,6,6,4,4,40,6,6,2,6,6,7,69,39,1
Populations,DRC,18,108,0,45818,79,20,5,4,4,5,4,4,4,50,5,5,4,5,5,5,59,29,1
Populations,DRC,18,108,0,46026,79,60,6,2,2,6,5,5,2,50,3,3,6,5,5,5,19,29,0
Populations,DRC,18,108,0,46352,79,80,5,3,3,6,3,5,5,30,3,3,6,5,5,4,1,49,0
Populations,DRC,18,108,0,50806,79,9,7,1,1,7,1,3,4,22,1,1,7,4,6,5,70,57,1
Populations,DRC,18,109,1,47678,79,7,6,2,3,6,5,4,4,9,4,5,5,5,3,4,72,70,1
Populations,DRC,18,109,1,50584,79,8,5,6,5,3,3,3,4,15,6,6,2,6,6,4,71,64,1
Populations,DRC,18,109,1,41439,79,7,6,1,1,7,1,1,5,7,2,2,7,2,2,1,72,72,0
Populations,DRC,18,109,1,41405,79,40,5,3,3,6,5,5,4,25,5,3,4,5,5,5,39,54,0
Populations,DRC,18,109,1,50499,79,80,4,4,4,7,5,5,4,10,4,4,7,6,6,6,1,69,0
Populations,DRC,18,110,1,41302,79,15,6,2,2,5,2,2,4,15,2,2,6,2,2,1,64,64,0
Populations,DRC,18,110,1,50521,79,10,6,2,2,7,4,4,4,10,3,5,5,5,2,4,69,69,0
Populations,DRC,18,110,1,44868,79,8,6,3,2,6,1,1,4,8,2,2,6,1,1,1,71,71,0
Populations,DRC,18,110,1,48375,79,3,4,2,2,7,2,2,4,5,2,2,7,2,2,1,76,74,1
Populations,DRC,18,111,1,50401,79,20,6,2,6,7,6,6,7,25,6,6,6,6,6,7,59,54,1
Populations,DRC,18,111,1,41299,79,75,7,1,1,7,3,5,4,50,1,1,7,3,5,2,4,29,0
Populations,DRC,18,111,1,29534,79,10,3,5,5,1,5,5,4,35,4,5,2,5,6,5,69,44,1
Populations,DRC,18,111,1,38062,79,4,7,2,2,7,3,2,2,35,3,3,6,5,6,5,75,44,1
Populations,DRC,18,112,1,46533,79,20,7,1,1,7,4,6,3,20,3,3,5,3,5,7,59,59,0
Populations,DRC,18,112,1,50675,79,37,5,5,5,6,6,5,5,20,2,2,6,3,5,5,42,59,0
Populations,DRC,18,112,1,40318,79,20,6,2,2,6,5,5,4,20,2,2,6,4,2,2,59,59,0
Populations,DRC,18,113,0,42843,79,20,6,4,4,4,5,5,3,30,4,4,4,5,5,7,59,49,1
Populations,DRC,18,113,0,45673,79,30,6,5,5,7,6,6,4,30,5,5,7,5,5,4,49,49,0
Populations,DRC,18,113,0,47725,79,30,6,6,6,7,3,3,4,30,6,6,7,4,2,4,49,49,0
Populations,DRC,18,113,0,50454,79,45,3,6,6,5,6,5,4,30,6,6,4,6,6,6,34,49,0
Populations,DRC,18,113,0,50625,79,20,5,2,2,6,6,4,4,30,4,4,4,4,7,6,59,49,1
Populations,DRC,18,114,0,1164,79,30,5,5,3,5,5,5,4,21,5,5,4,5,5,4,49,58,0
Populations,DRC,18,114,0,47575,79,15,6,2,2,6,6,6,4,20,2,2,6,5,5,2,64,59,1
Populations,DRC,18,114,0,49860,79,14,6,1,1,1,4,4,5,24,3,3,5,5,5,6,65,55,1
Populations,DRC,18,114,0,50558,79,26,5,4,4,6,5,5,3,22,4,4,5,5,5,4,53,57,0
Populations,DRC,18,114,0,50586,79,43,5,4,4,7,5,6,5,23,6,6,7,6,7,6,36,56,0
Populations,DRC,18,115,0,42447,79,50,4,5,4,4,4,4,5,50,4,5,4,3,2,3,29,29,0
Populations,DRC,18,115,0,43130,79,50,5,2,3,3,6,5,2,50,4,5,3,5,2,2,29,29,0
Populations,DRC,18,115,0,45181,79,20,6,3,3,7,7,7,1,50,3,3,7,6,6,6,59,29,1
Populations,DRC,18,115,0,46473,79,13,7,1,1,7,5,5,1,51,3,5,7,6,6,6,66,28,1
Populations,DRC,18,115,0,49131,79,60,6,2,2,6,6,6,4,50,3,3,6,6,6,5,19,29,0
Populations,DRC,18,116,0,45177,79,20,4,3,3,6,6,6,5,41,6,6,2,6,6,6,59,38,1
Populations,DRC,18,116,0,47540,79,30,5,3,4,4,4,4,4,35,4,5,3,4,4,3,49,44,1
Populations,DRC,18,116,0,49817,79,75,3,5,5,7,2,3,2,60,3,3,7,3,6,5,4,19,0
Populations,DRC,18,116,0,49911,79,41,4,2,2,7,6,5,4,41,4,4,7,2,1,1,38,38,0
Populations,DRC,18,117,1,50797,79,20,6,2,2,6,2,6,4,40,2,3,6,5,6,5,59,39,1
Populations,DRC,18,117,1,29570,79,80,5,2,2,6,5,5,4,38,6,5,4,6,7,6,1,41,0
Populations,DRC,18,117,1,43535,79,25,7,2,2,7,4,4,4,40,5,4,6,5,6,5,54,39,1
Populations,DRC,18,117,1,50644,79,6,5,4,3,5,5,5,3,40,6,5,3,7,7,7,73,39,1
Populations,DRC,18,118,1,20036,79,12,4,5,4,4,5,4,4,19,4,4,2,5,5,5,67,60,1
Populations,DRC,18,118,1,50474,79,15,6,2,2,6,3,5,4,15,3,3,6,2,2,3,64,64,0
Populations,DRC,18,118,1,43591,79,25,7,2,4,7,4,4,4,21,2,4,7,4,3,4,54,58,0
Populations,DRC,18,118,1,49683,79,5,5,3,3,5,6,6,3,21,5,5,3,6,6,6,74,58,1
Populations,DRC,18,119,1,593,79,25,6,3,3,6,5,5,4,30,4,4,6,5,5,4,54,49,1
Populations,DRC,18,119,1,39333,79,30,6,3,4,5,5,6,3,30,5,5,5,5,5,7,49,49,0
Populations,DRC,18,119,1,46496,79,72,5,4,4,4,6,5,4,30,5,5,4,5,5,6,7,49,0
Populations,DRC,18,119,1,50149,79,30,6,2,3,6,6,6,5,30,3,2,6,1,1,2,49,49,0
Populations,DRC,18,120,1,32122,79,20,4,4,4,4,4,4,5,20,4,4,4,4,4,4,59,59,0
Populations,DRC,18,120,1,43341,79,5,7,1,1,7,5,5,4,5,2,2,6,4,1,3,74,74,0
Populations,DRC,18,120,1,30033,79,11,4,3,3,5,3,3,6,3,6,6,2,2,2,1,68,76,0
Populations,DRC,18,120,1,47037,79,18,6,1,1,7,5,5,2,12,4,5,6,6,6,5,61,67,0
Populations,DRC,18,121,0,31980,79,12,4,4,4,4,4,5,4,5,4,4,5,3,4,2,67,74,0
Populations,DRC,18,121,0,40256,79,6,5,5,5,5,5,5,2,7,5,5,5,4,4,5,73,72,1
Populations,DRC,18,121,0,43817,79,10,6,5,5,5,6,6,4,8,5,5,5,5,3,4,69,71,0
Populations,DRC,18,121,0,44280,79,60,5,4,5,3,3,3,5,8,6,6,5,7,7,7,19,71,0
Populations,DRC,18,121,0,50736,79,8,3,5,5,5,5,5,5,8,6,6,6,6,6,3,71,71,0
Populations,DRC,18,122,0,30407,79,10,5,3,3,7,6,6,5,30,6,6,7,6,6,7,69,49,1
Populations,DRC,18,122,0,36229,79,35,5,5,5,5,4,3,4,35,5,5,5,3,3,1,44,44,0
Populations,DRC,18,122,0,42562,79,72,4,4,4,4,4,4,4,30,4,4,4,5,7,6,7,49,0
Populations,DRC,18,122,0,47749,79,12,6,2,2,7,5,5,2,30,3,3,6,4,6,6,67,49,1
Populations,DRC,18,122,0,50804,79,18,7,1,1,7,7,7,3,30,2,2,7,6,7,6,61,49,1
Populations,DRC,18,123,1,45439,79,10,6,1,1,7,4,6,4,20,2,2,7,4,5,4,69,59,1
Populations,DRC,18,123,0,39718,79,10,6,6,6,7,6,4,2,10,6,6,6,4,4,4,69,69,0
Populations,DRC,18,123,0,47854,79,4,6,1,1,7,3,3,4,10,3,3,7,6,6,7,75,69,1
Populations,DRC,18,123,0,49207,79,8,4,4,4,6,2,5,5,8,6,5,6,2,1,1,71,71,0
Populations,DRC,18,123,0,50508,79,10,6,1,1,7,4,4,1,10,2,2,7,1,1,1,69,69,0
Populations,DRC,18,124,0,38616,79,13,4,5,4,3,4,4,4,11,5,4,2,5,4,4,66,68,0
Populations,DRC,18,124,0,45953,79,8,7,1,2,7,5,5,5,9,2,2,6,4,5,4,71,70,1
Populations,DRC,18,124,0,48694,79,6,3,5,5,5,4,4,4,10,4,4,6,5,2,2,73,69,1
Populations,DRC,18,124,0,50764,79,15,7,2,2,7,3,5,4,12,3,5,7,5,3,4,64,67,0
Populations,DRC,18,125,0,27184,79,10,7,1,1,7,7,7,1,10,1,1,7,3,1,2,69,69,0
Populations,DRC,18,125,0,43166,79,7,5,2,3,5,6,6,3,10,4,4,4,5,5,4,72,69,1
Populations,DRC,18,125,0,43244,79,20,6,1,1,7,1,1,4,20,1,1,5,1,1,1,59,59,0
Populations,DRC,18,125,0,50167,79,11,6,2,2,7,5,4,3,15,3,3,7,5,3,5,68,64,1
Populations,DRC,18,126,0,15312,79,70,5,5,4,4,5,5,4,50,4,4,4,5,5,5,9,29,0
Populations,DRC,18,126,0,33891,79,4,6,4,4,7,4,4,4,4,4,4,7,1,1,1,75,75,0
Populations,DRC,18,126,0,44507,79,5,4,4,4,4,4,4,4,25,5,5,5,5,5,6,74,54,1
Populations,DRC,18,126,0,50807,79,8,6,2,2,6,5,5,5,15,3,3,4,4,4,3,71,64,1
Populations,DRC,18,127,0,46074,79,35,6,2,2,6,3,3,4,25,2,2,6,3,3,3,44,54,0
Populations,DRC,18,127,0,47194,79,5,6,1,1,7,5,5,3,15,2,2,7,2,2,2,74,64,1
Populations,DRC,18,127,0,49211,79,15,7,1,2,7,5,5,4,15,2,2,7,3,1,2,64,64,0
Populations,DRC,18,128,0,36251,79,36,4,5,5,6,1,1,6,30,5,5,6,3,3,2,43,49,0
Populations,DRC,18,128,0,50030,79,30,6,1,1,7,6,6,1,30,2,2,6,2,2,4,49,49,0
Populations,DRC,18,128,0,50715,79,18,7,2,2,7,5,7,3,18,3,4,7,3,2,2,61,61,0
Populations,DRC,18,129,1,43436,79,18,6,4,4,4,6,6,2,14,2,2,6,5,5,5,61,65,0
Populations,DRC,18,129,1,49130,79,7,6,5,6,7,7,6,6,12,5,5,7,7,7,5,72,67,1
Populations,DRC,18,129,1,50023,79,4,5,5,5,2,6,6,4,12,6,6,2,6,6,6,75,67,1
Populations,DRC,18,129,1,50402,79,10,7,1,1,7,6,7,2,10,5,5,7,6,1,4,69,69,0
Populations,DRC,18,129,1,50710,79,11,4,4,4,4,4,4,5,11,4,4,7,5,3,2,68,68,0
Populations,DRC,18,130,1,50182,79,60,5,5,3,2,4,2,5,60,6,6,2,4,2,1,19,19,0
Populations,DRC,18,130,1,50579,79,30,7,3,3,3,6,6,4,60,6,6,6,7,6,7,49,19,1
Populations,DRC,18,130,1,50786,79,20,6,3,2,6,6,6,2,60,5,5,4,6,6,7,59,19,1
Populations,DRC,18,130,1,50659,79,25,6,1,1,7,7,7,1,60,6,6,1,7,7,7,54,19,1
Populations,DRC,18,130,1,46863,79,60,6,2,2,6,6,6,2,62,5,5,4,6,4,4,19,17,1
Populations,DRC,18,131,1,49568,79,93,5,5,4,5,5,4,4,90,6,6,4,6,2,2,14,11,1
Populations,DRC,18,131,1,34605,79,60,6,4,4,6,4,4,5,92,5,5,4,6,6,6,19,13,1
Populations,DRC,18,131,1,48841,79,15,5,2,2,7,5,5,4,90,5,6,2,7,7,7,64,11,1
Populations,DRC,18,131,1,50530,79,50,5,5,5,5,5,5,4,90,6,6,3,6,6,6,29,11,1
Populations,DRC,18,131,1,50528,79,90,3,6,6,1,1,1,7,91,7,7,1,2,1,1,11,12,0
Populations,DRC,18,132,1,48061,79,20,4,5,4,4,5,3,4,45,5,6,4,5,5,5,59,34,1
Populations,DRC,18,132,1,49521,79,10,5,2,2,6,6,6,2,10,4,4,5,3,3,3,69,69,0
Populations,DRC,18,132,1,20330,79,99,5,4,4,7,4,6,2,50,5,6,7,4,6,6,20,29,0
Populations,DRC,18,132,1,50623,79,55,4,4,4,4,4,4,4,55,3,3,3,3,3,2,24,24,0
Populations,DRC,18,132,1,50683,79,38,6,1,1,7,3,3,5,38,4,2,7,3,2,3,41,41,0
Populations,DRC,18,133,0,44320,79,10,7,1,1,7,3,4,4,45,6,5,2,7,7,7,69,34,1
Populations,DRC,18,133,0,48290,79,5,4,4,4,7,4,4,4,44,4,4,7,6,7,7,74,35,1
Populations,DRC,18,133,0,48346,79,16,7,2,2,6,5,5,2,45,5,5,4,6,6,7,63,34,1
Populations,DRC,18,133,0,50460,79,45,5,3,4,2,2,2,7,45,5,6,2,2,1,1,34,34,0
Populations,DRC,18,133,0,50663,79,13,7,2,2,7,5,5,4,45,5,5,4,7,7,6,66,34,1
Populations,DRC,18,134,0,43978,79,20,4,4,4,7,4,4,4,30,4,4,7,4,5,4,59,49,1
Populations,DRC,18,134,0,48240,79,65,4,4,4,6,5,5,4,65,4,5,4,2,2,2,14,14,0
Populations,DRC,18,134,0,48904,79,10,7,2,2,6,2,2,4,25,2,2,5,5,6,5,69,54,1
Populations,DRC,18,134,0,49347,79,2,7,1,1,7,2,4,4,3,1,1,7,2,1,3,77,76,1
Populations,DRC,18,134,0,49548,79,40,6,2,2,6,4,6,2,20,3,3,6,4,5,5,39,59,0
Populations,DRC,18,135,0,31758,79,15,6,3,3,5,1,1,6,13,3,3,5,1,1,1,64,66,0
Populations,DRC,18,135,0,40551,79,3,1,5,4,5,5,4,1,12,4,5,5,6,6,3,76,67,1
Populations,DRC,18,135,0,44508,79,15,4,2,2,5,5,5,3,15,5,5,3,4,4,1,64,64,0
Populations,DRC,18,135,0,45223,79,15,5,2,2,5,1,1,4,15,2,2,5,5,5,2,64,64,0
Populations,DRC,18,135,0,48388,79,6,4,6,6,7,5,5,4,7,5,5,7,5,5,2,73,72,1
Populations,DRC,18,136,0,44376,79,10,4,5,5,2,6,6,3,15,5,5,3,5,5,4,69,64,1
Populations,DRC,18,136,0,45143,79,25,7,1,2,6,2,5,4,15,5,3,5,6,3,4,54,64,0
Populations,DRC,18,136,0,45343,79,5,6,2,1,7,6,5,2,15,3,3,6,3,5,6,74,64,1
Populations,DRC,18,136,0,47955,79,15,7,2,2,7,4,6,2,15,5,5,5,6,1,2,64,64,0
Populations,DRC,18,137,1,40355,79,30,5,4,4,4,5,5,4,30,5,5,5,2,2,2,49,49,0
Populations,DRC,18,137,1,50696,79,30,6,2,2,7,5,5,4,20,2,2,7,5,5,4,49,59,0
Populations,DRC,18,137,1,44302,79,15,6,4,4,6,2,2,4,15,4,4,6,4,4,1,64,64,0
Populations,DRC,18,137,1,44314,79,20,7,2,2,6,6,6,2,20,2,2,6,2,2,2,59,59,0
Populations,DRC,18,137,1,44725,79,20,7,1,1,7,2,2,4,18,2,2,7,2,5,4,59,61,0
Populations,DRC,18,138,1,46295,79,25,5,5,5,2,3,3,5,25,5,6,2,6,1,4,54,54,0
Populations,DRC,18,138,1,45293,79,36,6,2,2,6,5,6,4,27,5,5,6,6,6,7,43,52,0
Populations,DRC,18,138,1,48907,79,30,6,2,2,6,6,7,4,30,7,7,2,5,5,3,49,49,0
Populations,DRC,18,138,1,50503,79,15,7,1,1,7,7,7,4,27,6,6,4,7,7,4,64,52,1
Populations,DRC,18,138,1,50749,79,33,5,4,6,6,2,3,7,26,6,6,1,2,1,1,46,53,0
Populations,DRC,18,139,1,49595,79,15,7,2,3,6,5,5,4,15,5,5,6,5,2,1,64,64,0
Populations,DRC,18,139,1,37509,79,10,6,2,2,6,2,2,4,15,3,3,4,4,4,1,69,64,1
Populations,DRC,18,139,1,16387,79,19,4,4,4,6,5,4,4,19,6,6,4,2,2,1,60,60,0
Populations,DRC,18,139,1,45580,79,7,7,2,2,6,4,5,4,5,5,4,5,5,5,5,72,74,0
Populations,DRC,18,139,1,50612,79,15,6,4,4,7,6,5,4,15,4,4,7,2,2,4,64,64,0
Populations,DRC,18,140,1,47344,79,50,7,1,1,7,7,7,2,45,5,5,4,7,7,5,29,34,0
Populations,DRC,18,140,1,50668,79,15,6,3,2,7,7,7,4,75,6,6,7,7,7,7,64,4,1
Populations,DRC,18,140,1,43450,79,87,6,4,4,6,6,5,4,50,5,3,4,5,5,4,8,29,0
Populations,DRC,18,140,1,47998,79,35,5,5,5,5,3,3,4,35,5,5,5,2,2,1,44,44,0
Populations,DRC,18,141,0,26383,79,60,6,3,3,6,5,5,4,52,5,5,6,5,3,2,19,27,0
Populations,DRC,18,141,0,42806,79,10,7,2,1,7,5,5,1,45,5,4,6,7,7,7,69,34,1
Populations,DRC,18,141,0,48509,79,12,7,1,1,7,4,5,3,25,3,3,5,5,5,4,67,54,1
Populations,DRC,18,141,0,49843,79,30,5,3,3,5,6,6,3,45,5,5,5,6,6,6,49,34,1
Populations,DRC,18,141,0,50600,79,35,6,4,4,7,6,6,3,55,5,5,6,6,6,5,44,24,1
Populations,DRC,18,142,0,40748,79,17,6,2,2,6,5,4,4,15,2,2,6,5,4,4,62,64,0
Populations,DRC,18,142,0,45041,79,10,5,3,2,7,5,5,4,12,5,5,5,5,2,4,69,67,1
Populations,DRC,18,142,0,47494,79,20,7,1,1,7,7,7,7,20,3,2,6,5,3,4,59,59,0
Populations,DRC,18,142,0,48756,79,16,6,1,1,7,6,7,2,16,6,4,5,4,2,3,63,63,0
Populations,DRC,18,142,0,49976,79,20,6,1,1,7,4,4,4,20,1,1,7,1,1,4,59,59,0
Populations,DRC,18,143,0,43292,79,5,6,2,2,7,7,7,4,5,6,6,3,4,4,4,74,74,0
Populations,DRC,18,143,0,43650,79,4,5,2,5,5,2,5,4,4,5,5,2,5,2,4,75,75,0
Populations,DRC,18,143,0,44938,79,4,5,3,3,5,4,4,3,4,4,4,5,4,4,3,75,75,0
Populations,DRC,18,143,0,48295,79,60,7,5,4,7,4,4,4,60,6,4,7,2,2,1,19,19,0
Populations,DRC,18,144,0,37448,79,2,6,4,4,7,4,4,4,10,4,4,7,5,6,5,77,69,1
Populations,DRC,18,144,0,42930,79,7,1,1,7,7,6,5,,45,5,3,6,7,7,7,72,34,1
Populations,DRC,18,144,0,45950,79,4,5,6,3,2,3,6,,45,5,6,5,5,6,3,75,34,1
Populations,DRC,18,144,0,49594,79,4,4,4,4,4,4,4,,45,4,4,4,4,4,5,75,34,1
Populations,DRC,18,145,1,50609,79,5,6,2,2,6,5,4,1,10,4,4,6,5,5,4,74,69,1
Populations,DRC,18,145,1,45087,79,81,6,2,2,6,5,5,3,10,2,5,5,6,6,7,2,69,0
Populations,DRC,18,145,1,50778,79,20,7,2,2,7,3,5,4,15,3,4,6,4,5,4,59,64,0
Populations,DRC,18,145,1,47512,79,25,7,2,2,7,4,4,4,10,2,2,7,5,5,5,54,69,0
Populations,DRC,18,145,1,46921,79,2,7,3,1,7,1,5,4,8,1,5,7,5,1,2,77,71,1
Populations,DRC,18,146,1,45436,79,85,7,1,1,7,2,1,2,85,1,1,7,1,1,1,6,6,0
Populations,DRC,18,146,1,50597,79,10,5,4,4,5,3,3,5,10,5,5,4,3,2,2,69,69,0
Populations,DRC,18,146,1,50685,79,10,6,3,3,5,3,4,4,15,2,2,6,2,5,2,69,64,1
Populations,DRC,18,146,1,48519,79,2,6,2,2,6,6,6,4,30,2,2,6,4,6,7,77,49,1
Populations,DRC,18,146,1,50661,79,10,6,2,2,6,7,6,2,8,5,5,6,6,3,3,69,71,0
Populations,DRC,18,147,1,44787,79,20,6,2,3,5,4,5,4,17,4,4,6,4,5,4,59,62,0
Populations,DRC,18,147,1,45915,79,2,5,4,4,6,6,6,1,10,5,5,6,4,4,3,77,69,1
Populations,DRC,18,147,1,50580,79,56,4,3,4,7,4,6,4,16,3,3,7,5,7,6,23,63,0
Populations,DRC,18,147,1,45394,79,3,7,1,1,7,3,7,1,15,1,1,7,5,7,7,76,64,1
Populations,DRC,18,148,1,29827,79,40,5,3,3,5,3,4,5,35,2,2,5,4,5,2,39,44,0
Populations,DRC,18,148,1,37552,79,5,7,1,1,7,7,7,6,20,4,4,7,5,5,5,74,59,1
Populations,DRC,18,148,1,50570,79,20,4,3,3,5,6,6,3,21,6,6,4,6,6,4,59,58,1
Populations,Australia,19,101,1,27235,24,50,7,1,1,7,7,7,1,30,3,3,7,4,4,4,26,6,1
Populations,Australia,19,101,1,50613,24,25,3,6,6,2,3,3,5,28,6,6,2,4,4,3,1,4,0
Populations,Australia,19,101,1,45247,24,30,4,6,6,3,6,3,3,30,6,6,4,4,4,1,6,6,0
Populations,Australia,19,101,1,47363,24,50,5,4,4,5,5,5,3,30,5,5,3,6,6,6,26,6,1
Populations,Australia,19,101,1,50601,24,50,3,5,5,5,5,5,4,50,2,2,2,5,2,1,26,26,0
Populations,Australia,19,102,1,45784,24,80,4,4,4,7,1,1,4,80,4,4,7,1,1,1,56,56,0
Populations,Australia,19,102,1,37544,24,70,3,6,6,6,6,6,4,58,6,6,6,6,6,4,46,34,1
Populations,Australia,19,102,1,50312,24,85,4,1,1,7,2,6,4,80,1,1,7,2,2,2,61,56,1
Populations,Australia,19,102,1,50755,24,15,5,4,4,6,5,4,4,69,4,5,4,6,6,6,9,45,0
Populations,Australia,19,102,1,31277,24,58,1,7,7,2,6,6,5,58,7,7,2,4,4,1,34,34,0
Populations,Australia,19,103,1,45295,24,40,5,5,4,6,4,4,5,60,5,3,5,4,3,4,16,36,0
Populations,Australia,19,103,1,10208,24,60,5,5,5,2,3,2,5,65,5,5,3,5,2,2,36,41,0
Populations,Australia,19,103,1,27005,24,40,7,1,1,7,5,5,3,50,2,2,6,5,5,5,16,26,0
Populations,Australia,19,103,1,37396,24,99,6,5,5,7,5,5,5,65,4,4,7,6,6,5,75,41,1
Populations,Australia,19,103,1,47513,24,60,5,4,4,7,5,5,3,65,4,4,5,4,5,4,36,41,0
Populations,Australia,19,104,1,50577,24,35,3,6,6,2,5,5,6,40,6,6,2,6,6,3,11,16,0
Populations,Australia,19,104,1,39412,24,50,4,4,4,5,5,5,4,45,4,4,5,3,3,4,26,21,1
Populations,Australia,19,104,1,49646,24,15,5,5,5,3,6,6,4,45,6,6,2,7,7,6,9,21,0
Populations,Australia,19,104,1,45196,24,75,4,6,6,3,6,4,4,45,6,6,3,6,4,4,51,21,1
Populations,Australia,19,104,1,47392,24,80,7,1,1,7,6,7,3,48,1,2,7,3,5,5,56,24,1
Populations,Australia,19,105,0,45584,24,92,5,3,3,7,5,4,3,90,3,3,7,3,3,4,68,66,1
Populations,Australia,19,105,0,48232,24,40,6,6,6,7,1,1,5,45,6,6,7,1,1,1,16,21,0
Populations,Australia,19,105,0,50496,24,48,6,3,3,5,4,4,4,60,3,3,5,5,4,4,24,36,0
Populations,Australia,19,105,0,50674,24,90,5,5,4,6,5,4,4,70,6,6,6,5,4,4,66,46,1
Populations,Australia,19,105,0,50678,24,70,6,3,3,6,5,5,2,70,5,4,6,3,2,3,46,46,0
Populations,Australia,19,106,0,28908,24,50,4,4,4,5,5,5,4,50,4,4,5,3,3,1,26,26,0
Populations,Australia,19,106,0,42427,24,65,4,4,4,5,5,5,4,35,4,5,5,5,5,5,41,11,1
Populations,Australia,19,106,0,46018,24,37,7,2,4,7,4,4,4,42,2,4,6,4,4,4,13,18,0
Populations,Australia,19,106,0,46630,24,30,6,2,2,6,2,2,4,40,2,3,6,4,5,4,6,16,0
Populations,Australia,19,106,0,50655,24,60,5,5,5,7,4,6,4,60,4,4,7,2,1,2,36,36,0
Populations,Australia,19,107,0,741,24,20,3,6,6,2,5,5,5,60,6,6,2,6,6,6,4,36,0
Populations,Australia,19,107,0,46587,24,70,5,3,4,5,5,3,4,65,5,5,5,5,2,3,46,41,1
Populations,Australia,19,107,0,48047,24,60,6,3,3,5,6,6,2,60,5,5,7,5,6,2,36,36,0
Populations,Australia,19,107,0,49191,24,15,5,3,3,3,5,4,4,60,5,4,4,5,5,6,9,36,0
Populations,Australia,19,108,0,45818,24,85,5,5,5,3,4,4,4,45,6,6,2,6,6,6,61,21,1
Populations,Australia,19,108,0,46026,24,30,6,3,3,6,5,5,2,45,5,3,6,5,5,5,6,21,0
Populations,Australia,19,108,0,46352,24,50,5,3,3,6,3,6,4,45,5,5,5,5,6,5,26,21,1
Populations,Australia,19,108,0,50806,24,30,6,2,2,5,4,4,5,45,3,3,5,6,5,5,6,21,0
Populations,Australia,19,109,1,47678,24,50,6,3,4,5,4,3,4,55,5,5,4,5,3,2,26,31,0
Populations,Australia,19,109,1,50584,24,80,5,6,6,3,5,5,4,70,6,6,2,6,5,2,56,46,1
Populations,Australia,19,109,1,41439,24,80,6,1,1,7,2,2,4,50,2,1,7,5,5,5,56,26,1
Populations,Australia,19,109,1,41405,24,50,4,5,5,4,5,5,4,50,6,6,5,1,1,2,26,26,0
Populations,Australia,19,109,1,50499,24,40,4,4,4,7,4,4,4,50,4,4,7,6,6,6,16,26,0
Populations,Australia,19,110,1,41302,24,75,6,2,2,6,2,2,4,60,2,2,6,2,5,3,51,36,1
Populations,Australia,19,110,1,50521,24,15,6,2,4,5,5,4,3,15,2,2,5,2,2,1,9,9,0
Populations,Australia,19,110,1,44868,24,20,6,2,2,6,3,5,3,20,5,5,5,4,1,1,4,4,0
Populations,Australia,19,110,1,48375,24,8,4,2,2,7,2,2,4,12,2,2,7,2,2,2,16,12,1
Populations,Australia,19,111,1,50401,24,75,5,4,4,4,4,4,5,85,6,6,6,6,6,7,51,61,0
Populations,Australia,19,111,1,41299,24,90,7,1,1,7,3,5,4,80,1,1,7,3,5,4,66,56,1
Populations,Australia,19,111,1,29534,24,80,4,6,6,1,6,4,5,85,6,6,1,5,5,5,56,61,0
Populations,Australia,19,111,1,38062,24,50,6,5,3,7,3,5,1,85,5,5,7,5,5,6,26,61,0
Populations,Australia,19,112,1,46533,24,60,5,3,3,6,6,6,3,65,3,3,5,5,6,6,36,41,0
Populations,Australia,19,112,1,50675,24,68,5,5,5,6,5,5,5,65,6,6,5,3,1,2,44,41,1
Populations,Australia,19,112,1,40318,24,95,6,2,2,6,6,6,3,65,2,2,6,5,6,6,71,41,1
Populations,Australia,19,113,0,42843,24,70,5,4,4,4,4,4,5,50,5,4,4,4,5,7,46,26,1
Populations,Australia,19,113,0,45673,24,90,5,5,5,7,5,5,4,70,5,5,7,6,6,5,66,46,1
Populations,Australia,19,113,0,47725,24,60,6,4,4,7,5,5,4,50,5,5,7,7,6,5,36,26,1
Populations,Australia,19,113,0,50454,24,90,3,6,6,5,6,5,4,50,6,5,5,5,7,6,66,26,1
Populations,Australia,19,113,0,50625,24,20,6,2,2,6,5,5,4,25,2,2,6,2,2,2,4,1,1
Populations,Australia,19,114,0,1164,24,25,4,4,4,5,5,5,5,30,5,5,4,5,2,4,1,6,0
Populations,Australia,19,114,0,47575,24,80,6,2,2,6,5,5,4,40,3,3,5,6,6,5,56,16,1
Populations,Australia,19,114,0,49860,24,52,5,2,2,6,5,5,5,51,3,3,5,4,4,3,28,27,1
Populations,Australia,19,114,0,50558,24,64,4,4,4,6,5,5,2,42,4,4,6,5,5,5,40,18,1
Populations,Australia,19,114,0,50586,24,40,5,5,5,7,6,6,5,53,5,5,7,3,3,3,16,29,0
Populations,Australia,19,115,0,42447,24,70,5,3,3,3,5,5,3,65,5,5,3,5,5,4,46,41,1
Populations,Australia,19,115,0,43130,24,50,5,3,5,3,5,3,4,60,3,5,4,5,2,3,26,36,0
Populations,Australia,19,115,0,45181,24,85,4,3,3,6,6,6,2,75,3,3,6,5,3,3,61,51,1
Populations,Australia,19,115,0,46473,24,60,7,1,1,7,5,5,1,61,5,3,6,5,5,3,36,37,0
Populations,Australia,19,115,0,49131,24,85,6,2,2,6,6,6,4,75,3,3,6,5,5,4,61,51,1
Populations,Australia,19,116,0,45177,24,75,4,4,4,4,6,6,6,80,6,6,2,5,5,4,51,56,0
Populations,Australia,19,116,0,47540,24,40,3,5,5,3,4,4,5,40,3,3,4,3,3,1,16,16,0
Populations,Australia,19,116,0,49817,24,65,3,5,5,7,3,3,2,65,5,5,7,1,1,1,41,41,0
Populations,Australia,19,116,0,49911,24,99,3,5,5,7,5,3,4,80,2,3,7,6,6,6,75,56,1
Populations,Australia,19,117,1,50797,24,47,4,4,4,6,6,6,5,45,6,6,3,6,5,4,23,21,1
Populations,Australia,19,117,1,29570,24,28,5,2,2,7,4,4,4,50,4,3,4,7,7,7,4,26,0
Populations,Australia,19,117,1,43535,24,50,6,5,4,6,5,5,3,45,3,3,6,5,5,4,26,21,1
Populations,Australia,19,117,1,50644,24,55,5,3,4,5,6,6,6,45,5,5,4,5,5,5,31,21,1
Populations,Australia,19,118,1,20036,24,56,4,5,6,3,5,4,5,65,5,5,5,4,4,4,32,41,0
Populations,Australia,19,118,1,50474,24,65,5,4,3,6,4,3,4,65,5,5,5,4,3,4,41,41,0
Populations,Australia,19,118,1,43591,24,70,7,2,4,7,4,4,4,65,4,4,6,5,2,5,46,41,1
Populations,Australia,19,118,1,49683,24,50,5,5,5,3,6,6,4,65,6,6,2,6,5,4,26,41,0
Populations,Australia,19,119,1,593,24,75,5,3,4,6,5,5,4,65,4,4,6,5,5,5,51,41,1
Populations,Australia,19,119,1,39333,24,30,5,4,4,4,5,4,3,30,3,3,6,6,6,7,6,6,0
Populations,Australia,19,119,1,46496,24,60,4,4,4,4,6,6,3,65,5,5,2,5,5,5,36,41,0
Populations,Australia,19,119,1,50149,24,65,6,2,2,5,5,3,5,50,2,2,6,5,5,5,41,26,1
Populations,Australia,19,120,1,32122,24,30,4,4,4,4,4,4,4,20,4,5,4,5,5,5,6,4,1
Populations,Australia,19,120,1,43341,24,37,6,2,2,5,5,5,4,10,5,5,3,6,6,4,13,14,0
Populations,Australia,19,120,1,30033,24,9,4,6,6,2,2,2,6,9,6,6,2,2,2,1,15,15,0
Populations,Australia,19,120,1,47037,24,30,6,2,2,7,5,4,2,20,2,2,7,6,6,5,6,4,1
Populations,Australia,19,121,0,31980,24,20,3,4,3,3,4,5,5,20,4,4,5,4,4,4,4,4,0
Populations,Australia,19,121,0,40256,24,30,5,3,3,3,5,5,3,12,5,5,5,4,4,5,6,12,0
Populations,Australia,19,121,0,43817,24,25,6,6,6,6,6,6,5,15,5,5,5,5,5,2,1,9,0
Populations,Australia,19,121,0,44280,24,70,5,5,5,5,5,5,4,20,6,6,6,7,7,7,46,4,1
Populations,Australia,19,121,0,50736,24,4,3,5,5,5,5,5,5,10,6,6,6,6,6,5,20,14,1
Populations,Australia,19,122,0,30407,24,75,5,5,5,7,6,6,5,75,6,6,7,2,2,1,51,51,0
Populations,Australia,19,122,0,36229,24,75,5,5,5,5,4,3,4,75,5,5,5,3,3,1,51,51,0
Populations,Australia,19,122,0,42562,24,65,4,4,4,7,4,4,4,55,4,4,4,4,4,4,41,31,1
Populations,Australia,19,122,0,47749,24,20,6,2,2,7,5,5,4,25,2,2,6,4,5,3,4,1,1
Populations,Australia,19,122,0,50804,24,99,7,1,1,7,7,7,3,80,1,1,7,6,5,3,75,56,1
Populations,Australia,19,123,1,45439,24,60,5,3,3,6,5,5,4,65,3,3,6,4,4,4,36,41,0
Populations,Australia,19,123,0,39718,24,21,5,6,6,6,5,4,4,21,6,6,6,4,4,1,3,3,0
Populations,Australia,19,123,0,47854,24,85,4,5,3,5,5,5,3,45,2,2,7,5,5,6,61,21,1
Populations,Australia,19,123,0,49207,24,44,4,4,4,5,2,5,4,35,5,5,5,5,6,4,20,11,1
Populations,Australia,19,123,0,50508,24,20,6,3,3,6,3,3,3,25,2,2,6,4,4,3,4,1,1
Populations,Australia,19,124,0,38616,24,60,3,5,5,5,5,5,4,50,4,4,2,5,4,4,36,26,1
Populations,Australia,19,124,0,45953,24,25,7,2,2,7,5,5,5,35,2,2,6,4,6,6,1,11,0
Populations,Australia,19,124,0,48694,24,40,6,3,2,6,5,6,4,40,4,2,6,2,1,1,16,16,0
Populations,Australia,19,124,0,50764,24,35,5,3,4,6,5,5,4,35,5,5,7,5,1,3,11,11,0
Populations,Australia,19,125,0,27184,24,40,6,1,1,7,7,7,1,80,1,4,7,7,7,6,16,56,0
Populations,Australia,19,125,0,43166,24,80,5,5,5,2,5,5,4,80,5,5,2,5,1,2,56,56,0
Populations,Australia,19,125,0,43244,24,50,6,1,1,7,1,1,4,80,1,1,6,6,6,6,26,56,0
Populations,Australia,19,125,0,50167,24,98,6,5,3,6,5,5,3,65,5,3,7,5,5,5,74,41,1
Populations,Australia,19,126,0,15312,24,45,5,4,4,4,5,5,4,80,4,4,4,5,5,5,21,56,0
Populations,Australia,19,126,0,33891,24,70,4,5,5,7,4,4,5,70,4,4,5,5,4,1,46,46,0
Populations,Australia,19,126,0,44507,24,95,4,4,4,4,4,4,4,70,5,5,5,5,5,7,71,46,1
Populations,Australia,19,126,0,50807,24,70,4,4,4,4,4,4,4,70,5,4,3,4,3,2,46,46,0
Populations,Australia,19,127,0,46074,24,95,5,3,3,6,3,3,4,90,2,2,6,3,3,2,71,66,1
Populations,Australia,19,127,0,47194,24,50,5,2,2,6,2,2,4,50,2,2,6,1,1,1,26,26,0
Populations,Australia,19,127,0,49211,24,55,6,2,2,6,5,5,4,55,2,2,7,3,1,1,31,31,0
Populations,Australia,19,128,0,36251,24,56,4,5,5,6,4,5,4,56,5,5,6,2,2,1,32,32,0
Populations,Australia,19,128,0,50030,24,70,6,2,2,6,5,5,2,70,2,2,6,2,2,2,46,46,0
Populations,Australia,19,128,0,50715,24,89,3,4,4,7,5,5,4,89,5,5,5,3,2,1,65,65,0
Populations,Australia,19,129,1,43436,24,75,6,2,2,6,5,5,2,88,2,2,6,5,5,4,51,64,0
Populations,Australia,19,129,1,49130,24,25,3,7,6,7,7,6,4,88,6,7,7,7,7,7,1,64,0
Populations,Australia,19,129,1,50023,24,90,4,5,5,3,6,6,5,88,6,6,2,6,6,5,66,64,1
Populations,Australia,19,129,1,50402,24,98,7,2,2,7,6,6,2,90,5,5,7,5,5,4,74,66,1
Populations,Australia,19,129,1,50710,24,88,4,4,4,7,4,5,4,88,5,5,7,5,4,2,64,64,0
Populations,Australia,19,130,1,50182,24,78,5,4,5,5,6,5,3,68,6,5,4,5,5,3,54,44,1
Populations,Australia,19,130,1,50579,24,70,5,5,2,6,5,5,3,52,4,4,4,5,5,5,46,28,1
Populations,Australia,19,130,1,50786,24,85,5,5,5,4,6,6,4,50,3,4,5,5,5,5,61,26,1
Populations,Australia,19,130,1,50659,24,20,6,2,2,7,6,6,1,50,5,3,5,7,5,6,4,26,0
Populations,Australia,19,130,1,46863,24,90,5,3,3,5,5,4,4,85,3,3,6,3,2,2,66,61,1
Populations,Australia,19,131,1,49568,24,60,5,5,5,4,5,3,3,30,6,6,3,6,5,5,36,6,1
Populations,Australia,19,131,1,34605,24,70,6,4,4,6,4,4,3,30,4,5,4,6,7,6,46,6,1
Populations,Australia,19,131,1,48841,24,99,5,2,2,6,7,7,2,29,5,5,3,7,7,7,75,5,1
Populations,Australia,19,131,1,50530,24,45,4,5,5,5,5,5,4,27,5,5,5,5,5,6,21,3,1
Populations,Australia,19,131,1,50528,24,33,3,5,5,1,5,1,6,35,7,7,1,1,1,1,9,11,0
Populations,Australia,19,132,1,48061,24,40,5,4,3,4,5,5,3,40,5,5,5,4,2,4,16,16,0
Populations,Australia,19,132,1,49521,24,35,5,3,2,4,5,5,4,35,4,4,3,5,2,2,11,11,0
Populations,Australia,19,132,1,20330,24,50,5,4,5,7,5,6,2,45,5,6,7,6,6,7,26,21,1
Populations,Australia,19,132,1,50623,24,30,4,4,4,4,4,4,4,13,4,4,4,4,4,4,6,11,0
Populations,Australia,19,132,1,50683,24,72,5,3,1,7,2,2,5,30,3,4,6,5,5,6,48,6,1
Populations,Australia,19,133,0,44320,24,50,6,4,4,5,7,7,2,22,6,6,2,7,7,6,26,2,1
Populations,Australia,19,133,0,48290,24,14,4,4,4,7,4,7,3,24,4,4,4,5,7,7,10,0,1
Populations,Australia,19,133,0,48346,24,25,7,2,2,6,6,6,2,25,6,6,2,5,5,4,1,1,0
Populations,Australia,19,133,0,50460,24,24,3,6,6,1,2,2,7,24,6,7,1,3,1,2,0,0,0
Populations,Australia,19,133,0,50663,24,85,5,3,3,6,6,5,3,21,5,5,4,7,7,6,61,3,1
Populations,Australia,19,134,0,43978,24,40,4,4,4,7,4,4,4,40,4,4,7,4,2,2,16,16,0
Populations,Australia,19,134,0,48240,24,20,4,4,4,4,5,5,4,35,3,4,6,4,4,2,4,11,0
Populations,Australia,19,134,0,48904,24,60,6,2,2,5,5,5,4,50,5,5,5,3,4,4,36,26,1
Populations,Australia,19,134,0,49347,24,60,6,1,1,7,6,6,5,45,1,1,7,5,5,5,36,21,1
Populations,Australia,19,134,0,49548,24,60,5,3,3,6,4,5,4,60,5,4,6,3,4,3,36,36,0
Populations,Australia,19,135,0,31758,24,75,6,2,2,5,1,1,6,75,3,3,5,1,1,1,51,51,0
Populations,Australia,19,135,0,40551,24,48,1,5,4,5,5,4,1,48,5,4,6,5,5,2,24,24,0
Populations,Australia,19,135,0,44508,24,50,5,3,2,5,4,6,4,50,5,4,5,5,3,4,26,26,0
Populations,Australia,19,135,0,45223,24,55,5,2,2,5,4,4,4,55,1,1,6,3,3,1,31,31,0
Populations,Australia,19,135,0,48388,24,37,4,5,5,7,5,5,4,42,5,5,7,5,5,2,13,18,0
Populations,Australia,19,136,0,44376,24,35,4,4,5,2,6,6,3,40,6,3,6,5,5,5,11,16,0
Populations,Australia,19,136,0,45143,24,25,6,2,5,3,5,2,4,30,5,5,2,6,3,4,1,6,0
Populations,Australia,19,136,0,45343,24,90,5,2,2,6,6,6,2,50,5,5,6,5,5,5,66,26,1
Populations,Australia,19,136,0,47955,24,50,5,5,4,4,6,5,4,50,5,5,4,3,2,3,26,26,0
Populations,Australia,19,137,1,40355,24,65,5,5,5,5,5,5,4,65,5,5,5,5,5,3,41,41,0
Populations,Australia,19,137,1,50696,24,20,6,2,2,7,5,5,4,40,2,2,7,5,5,5,4,16,0
Populations,Australia,19,137,1,44302,24,70,6,2,2,6,4,4,4,70,3,3,6,4,4,1,46,46,0
Populations,Australia,19,137,1,44314,24,40,6,2,2,6,3,4,2,45,2,2,6,5,5,5,16,21,0
Populations,Australia,19,137,1,44725,24,30,7,2,2,7,2,1,4,60,5,5,7,6,7,7,6,36,0
Populations,Australia,19,138,1,46295,24,25,5,2,5,3,5,5,4,40,3,3,5,5,5,5,1,16,0
Populations,Australia,19,138,1,45293,24,13,6,3,3,6,6,6,4,13,2,2,6,2,2,1,11,11,0
Populations,Australia,19,138,1,48907,24,80,3,6,6,2,6,6,4,35,5,4,6,4,5,4,56,11,1
Populations,Australia,19,138,1,50503,24,99,6,5,5,5,7,7,4,60,6,5,6,7,7,7,75,36,1
Populations,Australia,19,138,1,50749,24,40,7,2,3,6,7,7,2,68,3,3,7,1,3,7,16,44,0
Populations,Australia,19,139,1,49595,24,82,6,2,5,6,5,5,4,82,2,5,6,5,2,1,58,58,0
Populations,Australia,19,139,1,37509,24,85,6,2,2,7,4,4,4,85,2,2,7,2,2,1,61,61,0
Populations,Australia,19,139,1,16387,24,31,5,4,4,6,5,4,4,39,5,4,7,5,3,3,7,15,0
Populations,Australia,19,139,1,45580,24,44,6,2,2,6,5,5,3,58,4,4,6,6,5,6,20,34,0
Populations,Australia,19,139,1,50612,24,70,6,4,4,7,4,2,4,60,4,4,7,5,4,4,46,36,1
Populations,Australia,19,140,1,47344,24,89,6,2,2,6,7,7,2,30,5,5,4,6,6,5,65,6,1
Populations,Australia,19,140,1,50668,24,80,5,3,2,7,6,7,3,30,6,6,6,7,7,7,56,6,1
Populations,Australia,19,140,1,43450,24,12,6,3,3,7,5,5,2,12,5,5,6,2,2,1,12,12,0
Populations,Australia,19,140,1,47998,24,25,5,5,5,5,3,3,4,25,5,5,5,2,2,1,1,1,0
Populations,Australia,19,141,0,26383,24,63,5,5,3,6,5,5,4,70,3,4,7,5,5,5,39,46,0
Populations,Australia,19,141,0,42806,24,99,6,5,4,6,7,5,3,40,5,5,6,7,7,7,75,16,1
Populations,Australia,19,141,0,48509,24,65,5,5,5,3,5,6,4,50,5,5,5,5,3,2,41,26,1
Populations,Australia,19,141,0,49843,24,70,5,4,4,4,6,6,3,45,4,4,5,6,6,6,46,21,1
Populations,Australia,19,141,0,50600,24,45,6,4,4,7,6,6,3,35,3,3,7,5,5,3,21,11,1
Populations,Australia,19,142,0,40748,24,98,5,2,2,6,4,4,4,85,2,2,6,3,4,4,74,61,1
Populations,Australia,19,142,0,45041,24,50,6,3,3,6,5,5,4,75,5,5,3,6,2,5,26,51,0
Populations,Australia,19,142,0,47494,24,90,5,5,5,3,7,7,4,90,6,6,2,4,1,2,66,66,0
Populations,Australia,19,142,0,48756,24,86,6,2,2,5,6,6,2,75,5,4,5,3,2,2,62,51,1
Populations,Australia,19,142,0,49976,24,40,6,1,1,7,4,4,4,90,3,3,7,5,6,6,16,66,0
Populations,Australia,19,143,0,43292,24,85,5,4,4,6,7,5,3,60,3,3,7,5,5,4,61,36,1
Populations,Australia,19,143,0,43650,24,20,5,5,5,3,5,3,4,40,3,3,5,5,6,5,4,16,0
Populations,Australia,19,143,0,44938,24,45,6,3,3,6,6,6,3,45,3,3,5,4,4,4,21,21,0
Populations,Australia,19,143,0,48295,24,17,7,5,4,7,4,4,3,17,4,4,7,1,1,1,7,7,0
Populations,Australia,19,144,0,37448,24,96,6,4,4,7,4,5,4,85,4,4,7,5,5,4,72,61,1
Populations,Australia,19,144,0,42930,24,70,6,2,2,5,6,6,5,85,6,3,6,6,5,5,46,61,0
Populations,Australia,19,144,0,45950,24,50,4,4,4,4,4,5,4,85,5,5,5,6,6,5,26,61,0
Populations,Australia,19,144,0,49594,24,30,4,4,4,4,4,4,4,85,4,4,4,4,4,5,6,61,0
Populations,Australia,19,145,1,50609,24,90,4,5,5,4,5,5,4,65,4,4,6,5,5,5,66,41,1
Populations,Australia,19,145,1,45087,24,30,6,2,2,5,6,6,4,60,3,3,3,5,5,6,6,36,0
Populations,Australia,19,145,1,50778,24,50,5,3,2,5,4,4,3,60,5,4,3,4,5,4,26,36,0
Populations,Australia,19,145,1,47512,24,60,7,2,2,6,4,4,4,55,2,2,6,5,4,3,36,31,1
Populations,Australia,19,145,1,46921,24,80,5,7,7,3,6,3,4,70,5,5,6,5,2,2,56,46,1
Populations,Australia,19,146,1,45436,24,95,7,1,1,7,1,1,4,89,1,1,7,3,2,2,71,65,1
Populations,Australia,19,146,1,50597,24,32,5,4,4,5,3,3,5,50,5,4,5,5,3,5,8,26,0
Populations,Australia,19,146,1,50685,24,50,6,3,3,5,1,3,4,75,3,3,5,5,5,4,26,51,0
Populations,Australia,19,146,1,48519,24,70,6,2,2,6,6,6,4,80,4,4,4,6,3,4,46,56,0
Populations,Australia,19,146,1,50661,24,50,6,2,2,6,6,6,4,8,6,6,6,6,5,5,26,16,1
Populations,Australia,19,147,1,44787,24,30,5,3,4,5,5,5,4,35,6,6,3,5,4,4,6,11,0
Populations,Australia,19,147,1,45915,24,15,5,4,4,5,5,5,1,35,6,6,6,6,5,5,9,11,0
Populations,Australia,19,147,1,50580,24,32,4,3,3,5,4,5,4,32,5,5,7,5,1,4,8,8,0
Populations,Australia,19,147,1,45394,24,70,7,1,1,7,6,7,1,35,2,2,7,7,7,7,46,11,1
Populations,Australia,19,148,1,29827,24,30,3,5,5,3,3,2,6,30,5,5,3,2,1,1,6,6,0
Populations,Australia,19,148,1,37552,24,70,6,5,5,7,6,6,3,35,6,6,7,7,7,7,46,11,1
Populations,Australia,19,148,1,50570,24,50,4,5,5,6,6,6,4,35,6,6,5,6,6,5,26,11,1
Populations,Madagascar,20,101,1,27235,26,10,6,1,1,7,5,5,2,3,5,5,5,7,7,7,16,23,0
Populations,Madagascar,20,101,1,50613,26,3,5,5,5,3,4,4,4,3,5,5,3,3,2,1,23,23,0
Populations,Madagascar,20,101,1,45247,26,8,7,1,1,7,5,5,4,2,5,5,5,5,5,5,18,24,0
Populations,Madagascar,20,101,1,47363,26,2,6,4,4,6,5,4,4,3,5,5,5,5,4,4,24,23,1
Populations,Madagascar,20,101,1,50601,26,35,4,2,2,2,5,2,1,3,4,4,4,5,7,6,9,23,0
Populations,Madagascar,20,102,1,45784,26,8,4,4,4,7,1,1,4,8,4,4,7,1,1,1,18,18,0
Populations,Madagascar,20,102,1,37544,26,1.5,3,6,6,6,6,6,4,1.5,6,6,6,6,6,1,24.5,24.5,0
Populations,Madagascar,20,102,1,50312,26,15,4,1,1,7,1,2,4,15,1,1,7,1,1,1,11,11,0
Populations,Madagascar,20,102,1,50755,26,15,6,3,3,6,5,6,4,10,4,5,6,5,3,3,11,16,0
Populations,Madagascar,20,102,1,31277,26,33,3,5,5,3,4,4,5,11,7,7,2,6,6,4,7,15,0
Populations,Madagascar,20,103,1,45295,26,7,5,2,2,7,3,5,4,5,4,2,7,3,4,1,19,21,0
Populations,Madagascar,20,103,1,10208,26,5,6,2,3,5,3,4,4,5,4,4,4,3,5,1,21,21,0
Populations,Madagascar,20,103,1,27005,26,10,7,1,1,7,5,5,3,8,2,2,7,5,5,5,16,18,0
Populations,Madagascar,20,103,1,37396,26,35,6,3,3,7,5,5,5,10,4,4,7,6,6,7,9,16,0
Populations,Madagascar,20,103,1,47513,26,10,5,4,4,7,5,5,4,6,4,4,7,3,4,4,16,20,0
Populations,Madagascar,20,104,1,50577,26,3,5,3,3,5,5,5,2,3,6,6,2,2,2,1,23,23,0
Populations,Madagascar,20,104,1,39412,26,2,4,4,4,5,3,4,4,2,4,4,5,3,3,4,24,24,0
Populations,Madagascar,20,104,1,49646,26,2,3,6,6,2,6,6,4,2,7,7,1,1,1,1,24,24,0
Populations,Madagascar,20,104,1,45196,26,4,3,6,6,4,6,5,4,3,6,6,5,5,4,4,22,23,0
Populations,Madagascar,20,104,1,47392,26,10,7,1,1,7,5,5,4,2,5,5,5,6,6,4,16,24,0
Populations,Madagascar,20,105,0,45584,26,2,5,3,3,7,5,4,3,2,3,3,7,2,2,1,24,24,0
Populations,Madagascar,20,105,0,48232,26,5,6,6,6,7,1,1,5,5,6,6,7,1,1,1,21,21,0
Populations,Madagascar,20,105,0,50496,26,8,6,3,3,5,4,4,4,4,3,3,5,5,5,5,18,22,0
Populations,Madagascar,20,105,0,50674,26,5,5,5,4,6,6,5,4,5,6,5,4,5,4,2,21,21,0
Populations,Madagascar,20,105,0,50678,26,3,5,4,3,6,5,4,2,3,5,4,3,3,2,3,23,23,0
Populations,Madagascar,20,106,0,28908,26,10,4,4,4,5,5,3,4,10,4,4,5,4,4,1,16,16,0
Populations,Madagascar,20,106,0,42427,26,15,5,3,3,6,5,5,4,10,5,5,4,5,3,4,11,16,0
Populations,Madagascar,20,106,0,46018,26,6,7,2,4,7,4,4,3,7,5,4,6,4,4,4,20,19,1
Populations,Madagascar,20,106,0,46630,26,8,5,2,3,6,3,2,4,8,2,3,6,2,2,4,18,18,0
Populations,Madagascar,20,106,0,50655,26,13,3,5,6,7,4,4,4,11,4,5,7,5,6,4,13,15,0
Populations,Madagascar,20,107,0,741,26,5,3,5,5,2,5,5,5,5,6,6,2,6,6,7,21,21,0
Populations,Madagascar,20,107,0,46587,26,2,6,3,5,5,6,6,4,5,5,5,5,5,5,3,24,21,1
Populations,Madagascar,20,107,0,48047,26,20,7,5,2,5,2,3,4,5,7,1,7,6,6,7,6,21,0
Populations,Madagascar,20,107,0,49191,26,20,6,2,2,6,6,5,4,5,5,4,4,5,5,6,6,21,0
Populations,Madagascar,20,108,0,45818,26,25,5,4,4,5,5,5,4,8,5,5,4,5,5,5,1,18,0
Populations,Madagascar,20,108,0,46026,26,5,6,2,2,6,5,5,2,8,5,3,6,5,5,5,21,18,1
Populations,Madagascar,20,108,0,46352,26,10,5,3,3,6,3,3,4,8,5,5,5,5,5,5,16,18,0
Populations,Madagascar,20,108,0,50806,26,12,7,1,1,7,1,4,4,4,1,1,7,5,5,5,14,22,0
Populations,Madagascar,20,109,1,47678,26,5,6,2,3,6,2,3,4,5,4,5,3,6,4,4,21,21,0
Populations,Madagascar,20,109,1,50584,26,7,3,6,6,3,3,3,4,6,6,6,1,1,1,1,19,20,0
Populations,Madagascar,20,109,1,41439,26,10,7,1,1,7,2,2,5,7,2,2,7,6,6,6,16,19,0
Populations,Madagascar,20,109,1,41405,26,7,3,5,5,4,3,4,4,7,6,6,4,1,1,2,19,19,0
Populations,Madagascar,20,109,1,50499,26,10,4,4,4,7,4,4,4,10,4,4,7,1,1,1,16,16,0
Populations,Madagascar,20,110,1,41302,26,25,6,2,2,6,2,2,4,18,2,2,6,2,5,3,1,8,0
Populations,Madagascar,20,110,1,50521,26,2,6,5,5,6,2,2,4,2,2,5,5,5,2,4,24,24,0
Populations,Madagascar,20,110,1,44868,26,2,5,5,5,4,2,2,5,2,5,5,4,2,1,1,24,24,0
Populations,Madagascar,20,110,1,48375,26,2,4,2,2,7,2,2,4,3,2,2,7,2,2,2,24,23,1
Populations,Madagascar,20,111,1,50401,26,5,6,4,4,4,6,6,5,2.5,6,6,6,6,6,7,21,23.5,0
Populations,Madagascar,20,111,1,41299,26,2,7,1,1,7,2,4,4,3,2,3,6,4,3,2,24,23,1
Populations,Madagascar,20,111,1,29534,26,5,4,6,6,2,6,4,5,4,6,6,6,4,3,5,21,22,0
Populations,Madagascar,20,111,1,38062,26,25,7,2,2,6,5,6,2,3,2,2,7,6,6,6,1,23,0
Populations,Madagascar,20,112,1,46533,26,5,7,2,2,6,5,6,3,6,3,3,5,5,5,5,21,20,1
Populations,Madagascar,20,112,1,50675,26,8,3,5,5,5,6,5,5,7,6,6,5,6,2,2,18,19,0
Populations,Madagascar,20,112,1,40318,26,5,5,2,2,6,6,5,4,6,3,3,6,5,3,4,21,20,1
Populations,Madagascar,20,113,0,42843,26,6,6,4,4,4,5,4,3,2,4,4,4,5,5,7,20,24,0
Populations,Madagascar,20,113,0,45673,26,3,5,5,5,7,6,6,4,2,5,5,7,7,7,5,23,24,0
Populations,Madagascar,20,113,0,47725,26,5,7,1,1,7,5,6,1,2,4,5,7,6,7,5,21,24,0
Populations,Madagascar,20,113,0,50454,26,5,3,6,6,5,6,5,4,2,6,6,5,6,7,6,21,24,0
Populations,Madagascar,20,113,0,50625,26,5,6,2,2,6,5,5,4,2,4,4,4,6,3,6,21,24,0
Populations,Madagascar,20,114,0,1164,26,5,4,5,5,4,6,5,4,5,5,5,3,5,1,4,21,21,0
Populations,Madagascar,20,114,0,47575,26,5,6,2,2,6,5,5,4,5,2,2,6,3,2,3,21,21,0
Populations,Madagascar,20,114,0,49860,26,15,6,2,2,6,5,5,4,5,3,3,5,5,5,6,11,21,0
Populations,Madagascar,20,114,0,50558,26,18,4,4,4,6,5,5,3,8,5,5,6,6,6,6,8,18,0
Populations,Madagascar,20,114,0,50586,26,7,4,4,5,7,5,5,4,7,5,5,7,5,3,4,19,19,0
Populations,Madagascar,20,115,0,42447,26,10,3,5,5,3,4,4,3,10,5,5,4,5,2,4,16,16,0
Populations,Madagascar,20,115,0,43130,26,3,5,2,3,4,3,3,4,7,3,3,3,5,4,4,23,19,1
Populations,Madagascar,20,115,0,45181,26,15,6,3,3,6,6,6,1,13,5,5,3,5,5,3,11,13,0
Populations,Madagascar,20,115,0,46473,26,15,7,1,2,6,6,6,1,14.1,3,3,5,6,5,6,11,11.9,0
Populations,Madagascar,20,115,0,49131,26,10,6,2,2,6,6,6,4,10,3,3,6,2,2,4,16,16,0
Populations,Madagascar,20,116,0,45177,26,30,4,5,5,3,6,6,6,30,6,6,2,5,5,1,4,4,0
Populations,Madagascar,20,116,0,47540,26,80,4,5,5,3,4,4,4,45,3,3,5,4,6,6,54,19,1
Populations,Madagascar,20,116,0,49817,26,33,3,5,5,7,3,2,2,33,5,5,7,2,2,1,7,7,0
Populations,Madagascar,20,116,0,49911,26,25,4,5,4,7,5,3,4,25,4,4,7,1,2,3,1,1,0
Populations,Madagascar,20,117,1,50797,26,6,6,2,2,6,6,6,4,8,5,5,4,6,5,4,20,18,1
Populations,Madagascar,20,117,1,29570,26,10,6,4,4,4,6,6,4,8,6,6,6,7,7,7,16,18,0
Populations,Madagascar,20,117,1,43535,26,7,7,2,2,6,6,6,1,8,5,5,7,6,6,5,19,18,1
Populations,Madagascar,20,117,1,50644,26,22,5,4,3,5,5,5,3,8,4,5,4,5,5,5,4,18,0
Populations,Madagascar,20,118,1,20036,26,71,3,3,3,3,4,3,4,4,5,5,5,5,5,3,45,22,1
Populations,Madagascar,20,118,1,50474,26,3,5,3,4,5,4,4,4,5,3,4,6,4,3,4,23,21,1
Populations,Madagascar,20,118,1,43591,26,10,7,2,4,7,4,5,4,7,2,4,7,5,4,5,16,19,0
Populations,Madagascar,20,118,1,49683,26,15,5,4,4,4,6,6,4,7,6,6,2,6,6,4,11,19,0
Populations,Madagascar,20,119,1,593,26,15,6,3,3,6,5,5,3,10,4,4,6,5,5,5,11,16,0
Populations,Madagascar,20,119,1,39333,26,10,7,1,1,7,6,6,3,6,4,4,4,5,5,6,16,20,0
Populations,Madagascar,20,119,1,46496,26,5,4,4,4,5,5,5,4,8,4,4,4,5,5,5,21,18,1
Populations,Madagascar,20,119,1,50149,26,8,6,2,2,6,5,3,5,8,2,2,6,3,3,3,18,18,0
Populations,Madagascar,20,120,1,32122,26,10,7,4,4,4,4,4,4,20,4,4,4,4,4,4,16,6,1
Populations,Madagascar,20,120,1,43341,26,2,6,2,2,6,5,5,4,2,6,6,2,2,1,4,24,24,0
Populations,Madagascar,20,120,1,30033,26,2,4,5,5,2,3,3,6,2,6,6,2,2,2,1,24,24,0
Populations,Madagascar,20,120,1,47037,26,6,6,2,2,7,5,5,2,3,5,5,6,6,6,6,20,23,0
Populations,Madagascar,20,121,0,31980,26,8,3,4,4,4,4,4,4,6,4,4,4,4,4,4,18,20,0
Populations,Madagascar,20,121,0,40256,26,6,4,4,4,4,5,5,3,2,5,5,5,4,4,5,20,24,0
Populations,Madagascar,20,121,0,43817,26,5,6,2,2,7,4,4,4,2,6,6,6,6,6,5,21,24,0
Populations,Madagascar,20,121,0,44280,26,4,3,6,6,2,5,5,5,3,6,6,2,4,4,2,22,23,0
Populations,Madagascar,20,121,0,50736,26,2,3,5,5,5,5,5,4,2,6,6,6,6,6,2,24,24,0
Populations,Madagascar,20,122,0,30407,26,30,6,2,2,7,7,7,2,2,3,4,7,6,6,6,4,24,0
Populations,Madagascar,20,122,0,36229,26,35,5,5,5,5,5,3,4,2,5,5,6,6,6,6,9,24,0
Populations,Madagascar,20,122,0,42562,26,2,4,4,4,7,4,4,4,2,4,4,7,4,4,4,24,24,0
Populations,Madagascar,20,122,0,47749,26,2,3,5,5,3,4,4,6,2,6,6,2,4,4,4,24,24,0
Populations,Madagascar,20,122,0,50804,26,4,7,1,1,7,7,7,3,3,5,5,7,7,5,4,22,23,0
Populations,Madagascar,20,123,1,45439,26,8,6,2,2,7,4,5,4,7,2,3,6,4,5,4,18,19,0
Populations,Madagascar,20,123,0,39718,26,5,6,6,7,7,4,4,3,5,6,7,7,2,2,2,21,21,0
Populations,Madagascar,20,123,0,47854,26,6,4,6,6,3,6,6,4,4,6,6,3,6,6,2,20,22,0
Populations,Madagascar,20,123,0,49207,26,3,3,5,6,5,2,4,5,3,6,6,2,1,1,1,23,23,0
Populations,Madagascar,20,123,0,50508,26,3,7,1,1,7,2,2,1,3,3,3,6,4,4,2,23,23,0
Populations,Madagascar,20,124,0,38616,26,4,4,4,4,4,4,4,4,2,5,5,2,5,5,4,22,24,0
Populations,Madagascar,20,124,0,45953,26,5,7,1,2,7,5,6,5,4,2,2,6,4,4,4,21,22,0
Populations,Madagascar,20,124,0,48694,26,3,7,2,2,7,6,6,4,4,5,4,6,3,2,2,23,22,1
Populations,Madagascar,20,124,0,50764,26,7,6,3,5,7,5,3,4,5,5,6,7,6,3,5,19,21,0
Populations,Madagascar,20,125,0,27184,26,5,7,1,1,7,7,7,1,10,2,5,7,7,7,5,21,16,1
Populations,Madagascar,20,125,0,43166,26,7,5,4,3,3,5,4,4,8,5,5,3,5,2,2,19,18,1
Populations,Madagascar,20,125,0,43244,26,14,7,1,1,7,1,1,4,10,1,1,7,5,5,4,12,16,0
Populations,Madagascar,20,125,0,50167,26,11,7,3,4,7,5,5,3,10,5,3,6,5,3,3,15,16,0
Populations,Madagascar,20,126,0,15312,26,25,5,4,4,4,5,5,4,25,4,4,4,5,4,4,1,1,0
Populations,Madagascar,20,126,0,33891,26,2,6,4,4,7,4,4,4,3,4,4,7,4,4,4,24,23,1
Populations,Madagascar,20,126,0,44507,26,23,4,4,4,4,4,4,4,20,5,5,5,5,5,5,3,6,0
Populations,Madagascar,20,126,0,50807,26,5,6,2,2,4,5,4,5,20,4,5,4,5,5,6,21,6,1
Populations,Madagascar,20,127,0,46074,26,15,6,2,2,6,3,3,4,15,2,2,6,3,3,1,11,11,0
Populations,Madagascar,20,127,0,47194,26,5,5,1,1,7,2,2,4,5,1,1,7,1,1,1,21,21,0
Populations,Madagascar,20,127,0,49211,26,5,6,2,2,7,5,4,4,7,2,2,6,4,5,2,21,19,1
Populations,Madagascar,20,128,0,36251,26,8,4,3,3,6,1,1,4,8,6,6,6,2,2,1,18,18,0
Populations,Madagascar,20,128,0,50030,26,15,5,2,2,6,4,4,3,5,4,4,5,5,5,4,11,21,0
Populations,Madagascar,20,128,0,50715,26,8,4,4,3,7,2,2,6,7,5,5,5,5,3,2,18,19,0
Populations,Madagascar,20,129,1,43436,26,25,6,2,2,6,5,5,2,2,3,3,6,7,7,7,1,24,0
Populations,Madagascar,20,129,1,49130,26,2,6,4,5,7,6,7,3,2,7,7,7,4,4,3,24,24,0
Populations,Madagascar,20,129,1,50023,26,70,4,5,5,2,6,5,4,2,6,6,2,6,6,7,44,24,1
Populations,Madagascar,20,129,1,50402,26,6,7,1,1,7,6,6,2,3,5,5,7,6,6,5,20,23,0
Populations,Madagascar,20,129,1,50710,26,3,4,4,5,7,4,4,4,3,5,6,7,3,2,1,23,23,0
Populations,Madagascar,20,130,1,50182,26,7,6,3,3,6,6,5,4,10,6,6,2,4,5,2,19,16,1
Populations,Madagascar,20,130,1,50579,26,24,7,2,2,6,6,6,2,8,5,5,5,7,6,5,2,18,0
Populations,Madagascar,20,130,1,50786,26,20,5,2,2,6,6,6,4,10,5,5,4,6,6,6,6,16,0
Populations,Madagascar,20,130,1,50659,26,35,6,1,1,7,6,6,1,10,6,6,1,7,7,7,9,16,0
Populations,Madagascar,20,130,1,46863,26,10,6,1,2,6,6,7,2,10,3,3,6,4,2,1,16,16,0
Populations,Madagascar,20,131,1,49568,26,5,5,5,5,5,4,4,4,5,4,4,5,4,4,2,21,21,0
Populations,Madagascar,20,131,1,34605,26,50,6,4,4,6,4,5,5,20,4,4,6,6,5,5,24,6,1
Populations,Madagascar,20,131,1,48841,26,2,4,5,6,4,6,3,2,15,3,5,6,5,5,5,24,11,1
Populations,Madagascar,20,131,1,50530,26,6,5,4,4,4,4,4,4,7,5,5,5,4,4,2,20,19,1
Populations,Madagascar,20,131,1,50528,26,50,5,3,4,3,3,3,5,35,3,5,4,5,5,4,24,9,1
Populations,Madagascar,20,132,1,48061,26,25,5,5,5,6,5,4,4,8,4,4,5,5,6,6,1,18,0
Populations,Madagascar,20,132,1,49521,26,3,5,2,3,5,5,5,4,3,4,5,3,5,4,4,23,23,0
Populations,Madagascar,20,132,1,20330,26,30,6,2,2,7,6,6,1,2,6,6,7,6,6,7,4,24,0
Populations,Madagascar,20,132,1,50623,26,8,7,2,2,5,2,2,4,3,3,4,4,4,4,2,18,23,0
Populations,Madagascar,20,132,1,50683,26,2,4,5,5,6,6,5,4,2,5,5,5,6,2,4,24,24,0
Populations,Madagascar,20,133,0,44320,26,20,7,1,1,7,7,7,2,12,3,4,5,6,6,5,6,14,0
Populations,Madagascar,20,133,0,48290,26,2,4,4,4,4,5,6,4,16,4,4,7,7,7,6,24,10,1
Populations,Madagascar,20,133,0,48346,26,6,7,2,2,6,6,6,2,10,4,4,4,4,4,5,20,16,1
Populations,Madagascar,20,133,0,50460,26,20,5,3,5,3,5,3,6,16,3,6,2,5,5,2,6,10,0
Populations,Madagascar,20,133,0,50663,26,11,6,2,2,6,6,6,3,14,5,5,4,5,5,4,15,12,1
Populations,Madagascar,20,134,0,43978,26,15,4,4,4,7,4,4,4,2,4,4,7,4,5,5,11,24,0
Populations,Madagascar,20,134,0,48240,26,3,3,5,5,3,6,6,4,3,4,4,4,4,2,4,23,23,0
Populations,Madagascar,20,134,0,48904,26,20,6,3,3,5,5,5,4,2,5,5,3,6,7,6,6,24,0
Populations,Madagascar,20,134,0,49347,26,2,7,1,1,7,1,1,4,2,5,3,5,4,4,2,24,24,0
Populations,Madagascar,20,134,0,49548,26,3,5,3,2,7,5,5,2,2,3,3,5,4,4,4,23,24,0
Populations,Madagascar,20,135,0,31758,26,50,6,3,3,5,1,1,6,50,2,2,5,1,1,1,24,24,0
Populations,Madagascar,20,135,0,40551,26,22,1,5,4,5,5,4,1,20,5,4,5,5,4,1,4,6,0
Populations,Madagascar,20,135,0,44508,26,12,6,1,1,7,4,4,4,10,3,3,3,5,3,4,14,16,0
Populations,Madagascar,20,135,0,45223,26,28,5,2,2,7,2,1,4,20,1,1,7,2,2,1,2,6,0
Populations,Madagascar,20,135,0,48388,26,2,4,5,5,7,5,5,4,15,5,5,7,5,5,4,24,11,1
Populations,Madagascar,20,136,0,44376,26,8,6,3,3,6,5,5,2,7,5,5,2,7,1,2,18,19,0
Populations,Madagascar,20,136,0,45143,26,5,6,2,2,7,2,3,4,8,6,5,2,6,3,4,21,18,1
Populations,Madagascar,20,136,0,45343,26,5,5,1,1,7,4,4,4,6,1,1,7,5,5,2,21,20,1
Populations,Madagascar,20,136,0,47955,26,8,5,3,3,5,4,4,4,15,5,5,4,5,2,2,18,11,1
Populations,Madagascar,20,137,1,40355,26,10,5,5,5,5,5,5,4,5,5,5,5,5,5,5,16,21,0
Populations,Madagascar,20,137,1,50696,26,10,6,2,2,7,5,5,4,10,2,2,7,4,4,4,16,16,0
Populations,Madagascar,20,137,1,44302,26,5,6,5,3,5,4,4,4,5,2,2,6,2,2,1,21,21,0
Populations,Madagascar,20,137,1,44314,26,25,7,1,1,7,5,5,2,10,3,3,5,5,6,5,1,16,0
Populations,Madagascar,20,137,1,44725,26,28,7,1,1,7,5,5,4,8,6,6,7,6,5,6,2,18,0
Populations,Madagascar,20,138,1,46295,26,4,3,5,5,3,5,3,4,4,5,5,2,5,2,2,22,22,0
Populations,Madagascar,20,138,1,45293,26,3,6,2,2,6,6,6,4,6,5,4,6,6,5,5,23,20,1
Populations,Madagascar,20,138,1,48907,26,30,5,3,3,6,6,6,4,9,6,7,2,7,7,7,4,17,0
Populations,Madagascar,20,138,1,50503,26,15,5,5,5,6,7,7,4,9,6,6,5,7,7,6,11,17,0
Populations,Madagascar,20,138,1,50749,26,13,4,5,5,3,2,2,5,9,6,6,4,5,2,2,13,17,0
Populations,Madagascar,20,139,1,49595,26,2,5,5,5,5,5,5,4,3,5,5,2,5,5,3,24,23,1
Populations,Madagascar,20,139,1,37509,26,3,6,1,1,7,4,4,4,2,2,2,7,2,2,1,23,24,0
Populations,Madagascar,20,139,1,16387,26,39,5,1,4,7,5,4,4,8,5,5,5,6,6,6,13,18,0
Populations,Madagascar,20,139,1,45580,26,19,6,4,4,6,5,5,2,3,4,4,7,6,6,6,7,23,0
Populations,Madagascar,20,139,1,50612,26,5,6,4,4,7,2,4,4,4,4,4,7,5,5,4,21,22,0
Populations,Madagascar,20,140,1,47344,26,8,5,5,5,4,6,5,4,20,7,7,1,7,7,7,18,6,1
Populations,Madagascar,20,140,1,50668,26,15,6,5,5,7,7,7,3,22,6,6,7,7,5,5,11,4,1
Populations,Madagascar,20,140,1,43450,26,22,6,3,4,7,2,5,4,22,6,6,5,5,4,2,4,4,0
Populations,Madagascar,20,140,1,47998,26,1.8,6,5,5,5,3,3,4,2,5,5,5,3,3,2,24.2,24,1
Populations,Madagascar,20,141,0,26383,26,11,5,5,5,6,5,5,4,16,5,5,7,5,5,2,15,10,1
Populations,Madagascar,20,141,0,42806,26,3,6,3,4,6,7,7,2,10,5,5,7,6,6,6,23,16,1
Populations,Madagascar,20,141,0,48509,26,10,6,2,2,6,6,6,4,10,4,4,6,1,1,1,16,16,0
Populations,Madagascar,20,141,0,49843,26,5,5,4,4,4,6,6,3,10,3,3,4,5,5,6,21,16,1
Populations,Madagascar,20,141,0,50600,26,65,6,3,3,7,4,4,2,55,4,4,7,4,6,4,39,29,1
Populations,Madagascar,20,142,0,40748,26,3,4,2,2,6,4,4,4,8,2,2,6,5,4,4,23,18,1
Populations,Madagascar,20,142,0,45041,26,7,6,1,7,5,6,6,4,5,5,5,6,5,2,4,19,21,0
Populations,Madagascar,20,142,0,47494,26,10,5,3,4,5,6,6,4,7,5,5,2,4,3,4,16,19,0
Populations,Madagascar,20,142,0,48756,26,40,6,4,4,7,5,5,2,6,6,6,3,7,7,7,14,20,0
Populations,Madagascar,20,142,0,49976,26,20,7,1,1,7,4,4,4,10,2,2,7,5,5,5,6,16,0
Populations,Madagascar,20,143,0,43292,26,6,6,2,2,7,5,5,3,6,5,5,5,5,5,4,20,20,0
Populations,Madagascar,20,143,0,43650,26,5,5,3,5,5,3,4,4,5,5,5,3,4,2,1,21,21,0
Populations,Madagascar,20,143,0,44938,26,8,6,3,3,6,3,3,4,7,2,2,6,5,5,5,18,19,0
Populations,Madagascar,20,143,0,48295,26,27,7,2,2,7,5,4,1,17,4,4,4,5,6,5,1,9,0
Populations,Madagascar,20,144,0,37448,26,2,6,4,4,7,4,4,4,2,5,4,6,5,1,4,24,24,0
Populations,Madagascar,20,144,0,42930,26,2,7,2,2,7,6,6,4,2,6,6,3,6,3,4,24,24,0
Populations,Madagascar,20,144,0,45950,26,3,4,4,5,7,5,5,4,2,7,7,5,5,2,4,23,24,0
Populations,Madagascar,20,144,0,49594,26,12,7,4,4,4,4,4,4,2,4,4,4,4,4,5,14,24,0
Populations,Madagascar,20,145,1,50609,26,5,6,4,4,6,5,5,4,3,4,4,6,5,5,4,21,23,0
Populations,Madagascar,20,145,1,45087,26,3,6,3,3,5,5,5,4,3,5,5,3,3,3,2,23,23,0
Populations,Madagascar,20,145,1,50778,26,5,5,3,2,7,4,5,4,3,4,4,6,4,3,2,21,23,0
Populations,Madagascar,20,145,1,47512,26,15,7,2,2,7,4,4,4,5,2,3,6,5,6,5,11,21,0
Populations,Madagascar,20,145,1,46921,26,2,7,5,5,3,3,1,4,4,5,5,5,5,2,4,24,22,1
Populations,Madagascar,20,146,1,45436,26,2,7,1,1,7,1,1,4,2,1,3,7,1,1,1,24,24,0
Populations,Madagascar,20,146,1,50597,26,2,5,3,3,5,3,4,5,2,5,5,5,3,3,2,24,24,0
Populations,Madagascar,20,146,1,50685,26,2,5,2,2,6,1,1,4,2,2,2,6,2,2,1,24,24,0
Populations,Madagascar,20,146,1,48519,26,10,5,2,2,6,6,6,4,4,2,2,6,5,5,5,16,22,0
Populations,Madagascar,20,146,1,50661,26,15,6,2,2,6,7,5,2,4,5,5,6,6,6,5,11,22,0
Populations,Madagascar,20,147,1,44787,26,3,5,3,5,4,5,5,4,2,5,6,3,5,4,4,23,24,0
Populations,Madagascar,20,147,1,45915,26,10,5,4,5,6,6,6,2,2,5,5,6,5,5,4,16,24,0
Populations,Madagascar,20,147,1,50580,26,2,4,2,2,7,4,5,4,2,4,5,7,5,5,4,24,24,0
Populations,Madagascar,20,147,1,45394,26,5,7,1,1,7,5,7,1,2,3,3,7,7,7,6,21,24,0
Populations,Madagascar,20,148,1,29827,26,15,5,2,3,5,4,5,4,15,2,3,5,2,1,1,11,11,0
Populations,Madagascar,20,148,1,37552,26,15,7,3,2,7,7,7,1,7,2,2,7,5,5,5,11,19,0
Populations,Madagascar,20,148,1,50570,26,4,5,5,5,6,6,6,5,10,6,6,5,6,6,4,22,16,1